{
	"animations": [
		{
			"offsets": [
				0,
				0
			],
			"loop": false,
			"fps": 24,
			"anim": "idle",
			"indices": [],
			"name": "Idle"
		},
		{
			"offsets": [
				0,
				0
			],
			"loop": false,
			"fps": 24,
			"anim": "singLEFT",
			"indices": [],
			"name": "Sing Left"
		},
		{
			"offsets": [
				0,
				0
			],
			"loop": false,
			"fps": 24,
			"anim": "singDOWN",
			"indices": [],
			"name": "Sing Down"
		},
		{
			"offsets": [
				0,
				0
			],
			"loop": false,
			"fps": 24,
			"anim": "singUP",
			"indices": [],
			"name": "Sing Up"
		},
		{
			"offsets": [
				0,
				0
			],
			"loop": false,
			"fps": 24,
			"anim": "singRIGHT",
			"indices": [],
			"name": "Sing Right"
		},
		{
			"loop": false,
			"offsets": [
				0,
				0
			],
			"anim": "singLEFTmiss",
			"fps": 24,
			"name": "Miss Left",
			"indices": []
		},
		{
			"loop": false,
			"offsets": [
				0,
				0
			],
			"anim": "singDOWNmiss",
			"fps": 24,
			"name": "Miss Down",
			"indices": []
		},
		{
			"loop": false,
			"offsets": [
				0,
				0
			],
			"anim": "singUPmiss",
			"fps": 24,
			"name": "Miss Up",
			"indices": []
		},
		{
			"loop": false,
			"offsets": [
				0,
				0
			],
			"anim": "singRIGHTmiss",
			"fps": 24,
			"name": "Miss Right",
			"indices": []
		},
		{
			"offsets": [
				0,
				0
			],
			"indices": [],
			"fps": 24,
			"anim": "snowballHit",
			"loop": false,
			"name": "Snowball Hit"
		},
		{
			"offsets": [
				0,
				0
			],
			"indices": [],
			"fps": 24,
			"anim": "dodge",
			"loop": false,
			"name": "Dodge"
		}
	],
	"no_antialiasing": true,
	"image": "characters/adamNutshell",
	"position": [
		0,
		50
	],
	"healthicon": "adamNutshell",
	"flip_x": true,
	"healthbar_colors": [
		148,
		50,
		50
	],
	"camera_position": [
		390,
		-710
	],
	"sing_duration": 4,
	"scale": 3
}