{
	"animations": [
		{
			"loop": false,
			"offsets": [
				0,
				0
			],
			"anim": "singDOWN",
			"fps": 24,
			"name": "Sing Down",
			"indices": []
		},
		{
			"loop": false,
			"offsets": [
				0,
				0
			],
			"anim": "singUP",
			"fps": 24,
			"name": "Sing Up",
			"indices": []
		},
		{
			"loop": false,
			"offsets": [
				0,
				0
			],
			"anim": "singLEFT",
			"fps": 24,
			"name": "Sing Right",
			"indices": []
		},
		{
			"loop": false,
			"offsets": [
				0,
				0
			],
			"anim": "singRIGHT",
			"fps": 24,
			"name": "Sing Left",
			"indices": []
		},
		{
			"offsets": [
				0,
				0
			],
			"indices": [],
			"fps": 24,
			"anim": "danceLeft",
			"loop": false,
			"name": "Dance Right"
		},
		{
			"offsets": [
				0,
				0
			],
			"indices": [],
			"fps": 24,
			"anim": "danceRight",
			"loop": false,
			"name": "Dance Left"
		}
	],
	"no_antialiasing": true,
	"image": "characters/adamRun",
	"position": [
		0,
		50
	],
	"healthicon": "adamNutshell",
	"flip_x": false,
	"healthbar_colors": [
		148,
		50,
		50
	],
	"camera_position": [
		390,
		-710
	],
	"sing_duration": 4,
	"scale": 3
}