{
	"animations": [
		{
			"loop": false,
			"offsets": [
				104,
				97
			],
			"anim": "singLEFT",
			"fps": 24,
			"name": "Adam Sing Left",
			"indices": []
		},
		{
			"loop": false,
			"offsets": [
				-3,
				106
			],
			"anim": "singRIGHT",
			"fps": 24,
			"name": "Adam Sing Right",
			"indices": []
		},
		{
			"loop": false,
			"offsets": [
				54,
				78
			],
			"anim": "singDOWN",
			"fps": 24,
			"name": "Adam Sing Down",
			"indices": []
		},
		{
			"loop": false,
			"offsets": [
				41,
				176
			],
			"anim": "singUP",
			"fps": 24,
			"name": "Adam Sing Up",
			"indices": []
		},
		{
			"offsets": [
				200,
				50
			],
			"loop": false,
			"fps": 24,
			"anim": "singDOWNmiss",
			"indices": [],
			"name": "Adam Miss Down"
		},
		{
			"offsets": [
				8,
				106
			],
			"loop": false,
			"fps": 24,
			"anim": "singRIGHTmiss",
			"indices": [],
			"name": "Adam Miss Right"
		},
		{
			"offsets": [
				40,
				133
			],
			"loop": false,
			"fps": 24,
			"anim": "singUPmiss",
			"indices": [],
			"name": "Adam Miss Up"
		},
		{
			"offsets": [
				91,
				91
			],
			"loop": false,
			"fps": 24,
			"anim": "singLEFTmiss",
			"indices": [],
			"name": "Adam Miss Left"
		},
		{
			"offsets": [
				0,
				110
			],
			"indices": [],
			"fps": 24,
			"anim": "idle",
			"loop": false,
			"name": "Adam Idle"
		}
	],
	"no_antialiasing": false,
	"image": "characters/adam",
	"position": [
		70,
		0
	],
	"healthicon": "adam",
	"flip_x": true,
	"healthbar_colors": [
		150,
		51,
		51
	],
	"camera_position": [
		-130,
		-300
	],
	"sing_duration": 4,
	"scale": 1
}