{
	"animations": [
		{
			"offsets": [
				0,
				0
			],
			"loop": false,
			"fps": 24,
			"anim": "idle",
			"indices": [],
			"name": "Idle"
		},
		{
			"offsets": [
				0,
				0
			],
			"loop": false,
			"fps": 24,
			"anim": "singDOWN",
			"indices": [],
			"name": "Sing Down"
		},
		{
			"offsets": [
				0,
				0
			],
			"loop": false,
			"fps": 24,
			"anim": "singUP",
			"indices": [],
			"name": "Sing Up"
		},
		{
			"offsets": [
				0,
				0
			],
			"indices": [],
			"fps": 24,
			"anim": "singLEFT",
			"loop": false,
			"name": "Sing Right"
		},
		{
			"offsets": [
				0,
				0
			],
			"indices": [],
			"fps": 24,
			"anim": "singRIGHT",
			"loop": false,
			"name": "Sing Left"
		}
	],
	"no_antialiasing": true,
	"image": "characters/adamCrewmate",
	"position": [
		0,
		360
	],
	"healthicon": "adamCrewmate",
	"flip_x": false,
	"healthbar_colors": [
		119,
		31,
		31
	],
	"camera_position": [
		300,
		-260
	],
	"sing_duration": 6.1,
	"scale": 3
}