{
	"animations": [
		{
			"loop": false,
			"offsets": [
				0,
				0
			],
			"anim": "idle",
			"fps": 24,
			"name": "Idle",
			"indices": []
		},
		{
			"loop": false,
			"offsets": [
				0,
				0
			],
			"anim": "singDOWN",
			"fps": 24,
			"name": "Sing Down",
			"indices": []
		},
		{
			"loop": false,
			"offsets": [
				0,
				0
			],
			"anim": "singUP",
			"fps": 24,
			"name": "Sing Up",
			"indices": []
		},
		{
			"loop": false,
			"offsets": [
				0,
				0
			],
			"anim": "singLEFT",
			"fps": 24,
			"name": "Sing Right",
			"indices": []
		},
		{
			"loop": false,
			"offsets": [
				0,
				0
			],
			"anim": "singRIGHT",
			"fps": 24,
			"name": "Sing Left",
			"indices": []
		},
		{
			"offsets": [
				0,
				0
			],
			"indices": [],
			"fps": 24,
			"anim": "pack",
			"loop": false,
			"name": "Snowball Pack"
		},
		{
			"offsets": [
				0,
				0
			],
			"indices": [],
			"fps": 24,
			"anim": "throw",
			"loop": false,
			"name": "Snowball Throw"
		}
	],
	"no_antialiasing": true,
	"image": "characters/chaseNutshell",
	"position": [
		0,
		50
	],
	"healthicon": "chaseNutshell",
	"flip_x": true,
	"healthbar_colors": [
		120,
		96,
		144
	],
	"camera_position": [
		-680,
		-670
	],
	"sing_duration": 4,
	"scale": 3
}