{
	"animations": [
		{
			"offsets": [
				50,
				0
			],
			"loop": false,
			"fps": 24,
			"anim": "singLEFT",
			"indices": [],
			"name": "Idle"
		},
		{
			"offsets": [
				0,
				-50
			],
			"loop": false,
			"fps": 24,
			"anim": "singDOWN",
			"indices": [],
			"name": "Idle"
		},
		{
			"offsets": [
				0,
				50
			],
			"loop": false,
			"fps": 24,
			"anim": "singUP",
			"indices": [],
			"name": "Idle"
		},
		{
			"offsets": [
				-50,
				0
			],
			"loop": false,
			"fps": 24,
			"anim": "singRIGHT",
			"indices": [],
			"name": "Idle"
		},
		{
			"loop": false,
			"offsets": [
				0,
				0
			],
			"anim": "danceLeft",
			"fps": 24,
			"name": "Idle",
			"indices": []
		},
		{
			"loop": false,
			"offsets": [
				0,
				0
			],
			"anim": "danceRight",
			"fps": 24,
			"name": "Idle",
			"indices": []
		}
	],
	"no_antialiasing": false,
	"image": "characters/chugJugDance",
	"position": [
		0,
		0
	],
	"healthicon": "chugJugDance",
	"flip_x": false,
	"healthbar_colors": [
		255,
		255,
		255
	],
	"camera_position": [
		-165,
		60
	],
	"sing_duration": 6.1,
	"scale": 1
}