{
	"animations": [
		{
			"offsets": [
				0,
				0
			],
			"loop": false,
			"fps": 24,
			"anim": "idle",
			"indices": [],
			"name": "Idle"
		},
		{
			"offsets": [
				0,
				0
			],
			"loop": false,
			"fps": 24,
			"anim": "singLEFT",
			"indices": [],
			"name": "Sing Left"
		},
		{
			"offsets": [
				0,
				0
			],
			"loop": false,
			"fps": 24,
			"anim": "singDOWN",
			"indices": [],
			"name": "Sing Down"
		},
		{
			"offsets": [
				0,
				0
			],
			"loop": false,
			"fps": 24,
			"anim": "singUP",
			"indices": [],
			"name": "Sing Up"
		},
		{
			"offsets": [
				0,
				0
			],
			"loop": false,
			"fps": 24,
			"anim": "singRIGHT",
			"indices": [],
			"name": "Sing Right"
		},
		{
			"offsets": [
				0,
				0
			],
			"indices": [],
			"fps": 24,
			"anim": "mosquitoMode1",
			"loop": false,
			"name": "Completely missed"
		},
		{
			"offsets": [
				0,
				0
			],
			"indices": [],
			"fps": 24,
			"anim": "mosquitoMode2",
			"loop": false,
			"name": "We spent so much money on that"
		}
	],
	"no_antialiasing": true,
	"image": "characters/elliotZanta",
	"position": [
		0,
		0
	],
	"healthicon": "elliotNutshell",
	"flip_x": true,
	"healthbar_colors": [
		37,
		46,
		85
	],
	"camera_position": [
		350,
		-350
	],
	"sing_duration": 4,
	"scale": 3
}