{
	"animations": [
		{
			"offsets": [
				0,
				0
			],
			"loop": false,
			"fps": 24,
			"anim": "idle",
			"indices": [],
			"name": "Idle"
		},
		{
			"offsets": [
				0,
				0
			],
			"loop": false,
			"fps": 24,
			"anim": "singDOWN",
			"indices": [],
			"name": "Sing Down"
		},
		{
			"offsets": [
				0,
				0
			],
			"loop": false,
			"fps": 24,
			"anim": "singUP",
			"indices": [],
			"name": "Sing Up"
		},
		{
			"loop": false,
			"offsets": [
				0,
				0
			],
			"anim": "singLEFT",
			"fps": 24,
			"name": "Sing Right",
			"indices": []
		},
		{
			"loop": false,
			"offsets": [
				0,
				0
			],
			"anim": "singRIGHT",
			"fps": 24,
			"name": "Sing Left",
			"indices": []
		}
	],
	"no_antialiasing": true,
	"image": "characters/senpaiZanta",
	"position": [
		0,
		0
	],
	"healthicon": "senpaiNutshell",
	"flip_x": true,
	"healthbar_colors": [
		245,
		191,
		137
	],
	"camera_position": [
		-570,
		-350
	],
	"sing_duration": 4,
	"scale": 3
}