{
	"position": [
		80,
		0
	],
	"dialogue_pos": "right",
	"no_antialiasing": true,
	"scale": 1.5,
	"image": "adamDialogue",
	"animations": [
		{
			"loop_offsets": [
				0,
				0
			],
			"anim": "neutral",
			"idle_offsets": [
				0,
				0
			],
			"loop_name": "Adam Neutral Talk",
			"idle_name": "Adam Neutral Idle"
		},
		{
			"loop_offsets": [
				0,
				0
			],
			"anim": "annoyed",
			"idle_offsets": [
				0,
				0
			],
			"loop_name": "Adam Annoyed Talk",
			"idle_name": "Adam Annoyed Idle"
		},
		{
			"loop_offsets": [
				0,
				0
			],
			"anim": "smug",
			"idle_offsets": [
				0,
				0
			],
			"loop_name": "Adam Smug Talk",
			"idle_name": "Adam Smug Idle"
		},
		{
			"loop_offsets": [
				0,
				0
			],
			"anim": "happy",
			"idle_offsets": [
				0,
				0
			],
			"loop_name": "Adam Happy Talk",
			"idle_name": "Adam Happy Idle"
		},
		{
			"loop_offsets": [
				0,
				0
			],
			"anim": "stare",
			"idle_offsets": [
				0,
				0
			],
			"loop_name": "Adam Stare Talk",
			"idle_name": "Adam Stare Idle"
		},
		{
			"loop_offsets": [
				60,
				0
			],
			"anim": "snowballHit",
			"idle_offsets": [
				60,
				0
			],
			"loop_name": "Adam Snowball Hit",
			"idle_name": "Adam Snowball Hit"
		}
	]
}