﻿<?xml version="1.0" encoding="utf-8"?>
<TextureAtlas imagePath="adamDialogue.png">
	<!-- Created with Adobe Animate version 22.0.0.93 -->
	<!-- http://www.adobe.com/products/animate.html -->
	<SubTexture name="Adam Annoyed Idle0000" x="16" y="1414" width="450" height="450"/>
	<SubTexture name="Adam Annoyed Talk0000" x="482" y="16" width="450" height="450"/>
	<SubTexture name="Adam Annoyed Talk0001" x="482" y="16" width="450" height="450"/>
	<SubTexture name="Adam Annoyed Talk0002" x="482" y="16" width="450" height="450"/>
	<SubTexture name="Adam Annoyed Talk0003" x="482" y="16" width="450" height="450"/>
	<SubTexture name="Adam Annoyed Talk0004" x="948" y="16" width="450" height="450"/>
	<SubTexture name="Adam Annoyed Talk0005" x="948" y="16" width="450" height="450"/>
	<SubTexture name="Adam Annoyed Talk0006" x="948" y="16" width="450" height="450"/>
	<SubTexture name="Adam Annoyed Talk0007" x="948" y="16" width="450" height="450"/>
	<SubTexture name="Adam Happy Idle0000" x="482" y="1414" width="450" height="450"/>
	<SubTexture name="Adam Happy Talk0000" x="948" y="482" width="450" height="450"/>
	<SubTexture name="Adam Happy Talk0001" x="948" y="482" width="450" height="450"/>
	<SubTexture name="Adam Happy Talk0002" x="948" y="482" width="450" height="450"/>
	<SubTexture name="Adam Happy Talk0003" x="948" y="482" width="450" height="450"/>
	<SubTexture name="Adam Happy Talk0004" x="1414" y="482" width="450" height="450"/>
	<SubTexture name="Adam Happy Talk0005" x="1414" y="482" width="450" height="450"/>
	<SubTexture name="Adam Happy Talk0006" x="1414" y="482" width="450" height="450"/>
	<SubTexture name="Adam Happy Talk0007" x="1414" y="482" width="450" height="450"/>
	<SubTexture name="Adam Neutral Idle0000" x="16" y="16" width="450" height="450"/>
	<SubTexture name="Adam Neutral Talk0000" x="16" y="482" width="450" height="450"/>
	<SubTexture name="Adam Neutral Talk0001" x="16" y="482" width="450" height="450"/>
	<SubTexture name="Adam Neutral Talk0002" x="16" y="482" width="450" height="450"/>
	<SubTexture name="Adam Neutral Talk0003" x="16" y="482" width="450" height="450"/>
	<SubTexture name="Adam Neutral Talk0004" x="16" y="948" width="450" height="450"/>
	<SubTexture name="Adam Neutral Talk0005" x="16" y="948" width="450" height="450"/>
	<SubTexture name="Adam Neutral Talk0006" x="16" y="948" width="450" height="450"/>
	<SubTexture name="Adam Neutral Talk0007" x="16" y="948" width="450" height="450"/>
	<SubTexture name="Adam Smug Idle0000" x="1414" y="16" width="450" height="450"/>
	<SubTexture name="Adam Smug Talk0000" x="482" y="482" width="450" height="450"/>
	<SubTexture name="Adam Smug Talk0001" x="482" y="482" width="450" height="450"/>
	<SubTexture name="Adam Smug Talk0002" x="482" y="482" width="450" height="450"/>
	<SubTexture name="Adam Smug Talk0003" x="482" y="482" width="450" height="450"/>
	<SubTexture name="Adam Smug Talk0004" x="482" y="948" width="450" height="450"/>
	<SubTexture name="Adam Smug Talk0005" x="482" y="948" width="450" height="450"/>
	<SubTexture name="Adam Smug Talk0006" x="482" y="948" width="450" height="450"/>
	<SubTexture name="Adam Smug Talk0007" x="482" y="948" width="450" height="450"/>
	<SubTexture name="Adam Snowball Hit0000" x="1414" y="1414" width="450" height="450"/>
	<SubTexture name="Adam Stare Idle0000" x="948" y="948" width="450" height="450"/>
	<SubTexture name="Adam Stare Talk0000" x="948" y="1414" width="450" height="450"/>
	<SubTexture name="Adam Stare Talk0001" x="948" y="1414" width="450" height="450"/>
	<SubTexture name="Adam Stare Talk0002" x="948" y="1414" width="450" height="450"/>
	<SubTexture name="Adam Stare Talk0003" x="948" y="1414" width="450" height="450"/>
	<SubTexture name="Adam Stare Talk0004" x="1414" y="948" width="450" height="450"/>
	<SubTexture name="Adam Stare Talk0005" x="1414" y="948" width="450" height="450"/>
	<SubTexture name="Adam Stare Talk0006" x="1414" y="948" width="450" height="450"/>
	<SubTexture name="Adam Stare Talk0007" x="1414" y="948" width="450" height="450"/>
</TextureAtlas>
