﻿<?xml version="1.0" encoding="utf-8"?>
<TextureAtlas imagePath="chaseDialogue.png">
	<!-- Created with Adobe Animate version 22.0.0.93 -->
	<!-- http://www.adobe.com/products/animate.html -->
	<SubTexture name="Chase Crying Idle0000" x="16" y="2812" width="450" height="450"/>
	<SubTexture name="Chase Crying Idle0001" x="16" y="2812" width="450" height="450"/>
	<SubTexture name="Chase Crying Idle0002" x="16" y="3278" width="450" height="450"/>
	<SubTexture name="Chase Crying Idle0003" x="16" y="3278" width="450" height="450"/>
	<SubTexture name="Chase Crying Talk0000" x="482" y="16" width="450" height="450"/>
	<SubTexture name="Chase Crying Talk0001" x="482" y="16" width="450" height="450"/>
	<SubTexture name="Chase Crying Talk0002" x="482" y="482" width="450" height="450"/>
	<SubTexture name="Chase Crying Talk0003" x="482" y="482" width="450" height="450"/>
	<SubTexture name="Chase Crying Talk0004" x="482" y="948" width="450" height="450"/>
	<SubTexture name="Chase Crying Talk0005" x="482" y="948" width="450" height="450"/>
	<SubTexture name="Chase Crying Talk0006" x="482" y="1414" width="450" height="450"/>
	<SubTexture name="Chase Crying Talk0007" x="482" y="1414" width="450" height="450"/>
	<SubTexture name="Chase Excited Idle0000" x="482" y="3278" width="450" height="450"/>
	<SubTexture name="Chase Excited Talk0000" x="948" y="16" width="450" height="450"/>
	<SubTexture name="Chase Excited Talk0001" x="948" y="16" width="450" height="450"/>
	<SubTexture name="Chase Excited Talk0002" x="948" y="16" width="450" height="450"/>
	<SubTexture name="Chase Excited Talk0003" x="948" y="16" width="450" height="450"/>
	<SubTexture name="Chase Excited Talk0004" x="948" y="482" width="450" height="450"/>
	<SubTexture name="Chase Excited Talk0005" x="948" y="482" width="450" height="450"/>
	<SubTexture name="Chase Excited Talk0006" x="948" y="482" width="450" height="450"/>
	<SubTexture name="Chase Excited Talk0007" x="948" y="482" width="450" height="450"/>
	<SubTexture name="Chase Happy Idle0000" x="16" y="16" width="450" height="450"/>
	<SubTexture name="Chase Happy Talk0000" x="16" y="482" width="450" height="450"/>
	<SubTexture name="Chase Happy Talk0001" x="16" y="482" width="450" height="450"/>
	<SubTexture name="Chase Happy Talk0002" x="16" y="482" width="450" height="450"/>
	<SubTexture name="Chase Happy Talk0003" x="16" y="482" width="450" height="450"/>
	<SubTexture name="Chase Happy Talk0004" x="16" y="948" width="450" height="450"/>
	<SubTexture name="Chase Happy Talk0005" x="16" y="948" width="450" height="450"/>
	<SubTexture name="Chase Happy Talk0006" x="16" y="948" width="450" height="450"/>
	<SubTexture name="Chase Happy Talk0007" x="16" y="948" width="450" height="450"/>
	<SubTexture name="Chase Neutral Idle0000" x="16" y="1414" width="450" height="450"/>
	<SubTexture name="Chase Neutral Talk0000" x="16" y="1880" width="450" height="450"/>
	<SubTexture name="Chase Neutral Talk0001" x="16" y="1880" width="450" height="450"/>
	<SubTexture name="Chase Neutral Talk0002" x="16" y="1880" width="450" height="450"/>
	<SubTexture name="Chase Neutral Talk0003" x="16" y="1880" width="450" height="450"/>
	<SubTexture name="Chase Neutral Talk0004" x="16" y="2346" width="450" height="450"/>
	<SubTexture name="Chase Neutral Talk0005" x="16" y="2346" width="450" height="450"/>
	<SubTexture name="Chase Neutral Talk0006" x="16" y="2346" width="450" height="450"/>
	<SubTexture name="Chase Neutral Talk0007" x="16" y="2346" width="450" height="450"/>
	<SubTexture name="Chase Sad Idle0000" x="482" y="1880" width="450" height="450"/>
	<SubTexture name="Chase Sad Talk0000" x="482" y="2346" width="450" height="450"/>
	<SubTexture name="Chase Sad Talk0001" x="482" y="2346" width="450" height="450"/>
	<SubTexture name="Chase Sad Talk0002" x="482" y="2346" width="450" height="450"/>
	<SubTexture name="Chase Sad Talk0003" x="482" y="2346" width="450" height="450"/>
	<SubTexture name="Chase Sad Talk0004" x="482" y="2812" width="450" height="450"/>
	<SubTexture name="Chase Sad Talk0005" x="482" y="2812" width="450" height="450"/>
	<SubTexture name="Chase Sad Talk0006" x="482" y="2812" width="450" height="450"/>
	<SubTexture name="Chase Sad Talk0007" x="482" y="2812" width="450" height="450"/>
	<SubTexture name="Chase Smug Idle0000" x="948" y="948" width="450" height="450"/>
	<SubTexture name="Chase Smug Talk0000" x="948" y="1414" width="450" height="450"/>
	<SubTexture name="Chase Smug Talk0001" x="948" y="1414" width="450" height="450"/>
	<SubTexture name="Chase Smug Talk0002" x="948" y="1414" width="450" height="450"/>
	<SubTexture name="Chase Smug Talk0003" x="948" y="1414" width="450" height="450"/>
	<SubTexture name="Chase Smug Talk0004" x="948" y="1880" width="450" height="450"/>
	<SubTexture name="Chase Smug Talk0005" x="948" y="1880" width="450" height="450"/>
	<SubTexture name="Chase Smug Talk0006" x="948" y="1880" width="450" height="450"/>
	<SubTexture name="Chase Smug Talk0007" x="948" y="1880" width="450" height="450"/>
	<SubTexture name="Chase Snowball Hit0000" x="948" y="2346" width="450" height="450"/>
</TextureAtlas>
