﻿<?xml version="1.0" encoding="utf-8"?>
<TextureAtlas imagePath="adamNutshell.png">
	<!-- Created with Adobe Animate version 22.0.0.93 -->
	<!-- http://www.adobe.com/products/animate.html -->
	<SubTexture name="Idle0000" x="16" y="16" width="512" height="512"/>
	<SubTexture name="Idle0001" x="16" y="16" width="512" height="512"/>
	<SubTexture name="Idle0002" x="544" y="16" width="512" height="512"/>
	<SubTexture name="Idle0003" x="544" y="16" width="512" height="512"/>
	<SubTexture name="Idle0004" x="1072" y="16" width="512" height="512"/>
	<SubTexture name="Idle0005" x="1072" y="16" width="512" height="512"/>
	<SubTexture name="Idle0006" x="1072" y="16" width="512" height="512"/>
	<SubTexture name="Idle0007" x="1072" y="16" width="512" height="512"/>
	<SubTexture name="Idle0008" x="1072" y="16" width="512" height="512"/>
	<SubTexture name="Idle0009" x="1072" y="16" width="512" height="512"/>
	<SubTexture name="Idle0010" x="1072" y="16" width="512" height="512"/>
	<SubTexture name="Idle0011" x="1072" y="16" width="512" height="512"/>
	<SubTexture name="Idle0012" x="1072" y="16" width="512" height="512"/>
	<SubTexture name="Idle0013" x="1072" y="16" width="512" height="512"/>
	<SubTexture name="Idle0014" x="1072" y="16" width="512" height="512"/>
	<SubTexture name="Idle0015" x="1072" y="16" width="512" height="512"/>
	<SubTexture name="Miss Down0000" x="16" y="544" width="512" height="512"/>
	<SubTexture name="Miss Down0001" x="16" y="544" width="512" height="512"/>
	<SubTexture name="Miss Down0002" x="1600" y="16" width="512" height="512"/>
	<SubTexture name="Miss Down0003" x="1600" y="16" width="512" height="512"/>
	<SubTexture name="Miss Down0004" x="1600" y="16" width="512" height="512"/>
	<SubTexture name="Miss Down0005" x="1600" y="16" width="512" height="512"/>
	<SubTexture name="Miss Down0006" x="1600" y="16" width="512" height="512"/>
	<SubTexture name="Miss Down0007" x="1600" y="16" width="512" height="512"/>
	<SubTexture name="Miss Down0008" x="1600" y="16" width="512" height="512"/>
	<SubTexture name="Miss Down0009" x="1600" y="16" width="512" height="512"/>
	<SubTexture name="Miss Left0000" x="1072" y="544" width="512" height="512"/>
	<SubTexture name="Miss Left0001" x="1072" y="544" width="512" height="512"/>
	<SubTexture name="Miss Left0002" x="2128" y="16" width="512" height="512"/>
	<SubTexture name="Miss Left0003" x="2128" y="16" width="512" height="512"/>
	<SubTexture name="Miss Left0004" x="2128" y="16" width="512" height="512"/>
	<SubTexture name="Miss Left0005" x="2128" y="16" width="512" height="512"/>
	<SubTexture name="Miss Left0006" x="2128" y="16" width="512" height="512"/>
	<SubTexture name="Miss Left0007" x="2128" y="16" width="512" height="512"/>
	<SubTexture name="Miss Left0008" x="2128" y="16" width="512" height="512"/>
	<SubTexture name="Miss Left0009" x="2128" y="16" width="512" height="512"/>
	<SubTexture name="Miss Right0000" x="2128" y="544" width="512" height="512"/>
	<SubTexture name="Miss Right0001" x="2128" y="544" width="512" height="512"/>
	<SubTexture name="Miss Right0002" x="2656" y="16" width="512" height="512"/>
	<SubTexture name="Miss Right0003" x="2656" y="16" width="512" height="512"/>
	<SubTexture name="Miss Right0004" x="2656" y="16" width="512" height="512"/>
	<SubTexture name="Miss Right0005" x="2656" y="16" width="512" height="512"/>
	<SubTexture name="Miss Right0006" x="2656" y="16" width="512" height="512"/>
	<SubTexture name="Miss Right0007" x="2656" y="16" width="512" height="512"/>
	<SubTexture name="Miss Right0008" x="2656" y="16" width="512" height="512"/>
	<SubTexture name="Miss Right0009" x="2656" y="16" width="512" height="512"/>
	<SubTexture name="Miss Up0000" x="3184" y="544" width="512" height="512"/>
	<SubTexture name="Miss Up0001" x="3184" y="544" width="512" height="512"/>
	<SubTexture name="Miss Up0002" x="3184" y="16" width="512" height="512"/>
	<SubTexture name="Miss Up0003" x="3184" y="16" width="512" height="512"/>
	<SubTexture name="Miss Up0004" x="3184" y="16" width="512" height="512"/>
	<SubTexture name="Miss Up0005" x="3184" y="16" width="512" height="512"/>
	<SubTexture name="Miss Up0006" x="3184" y="16" width="512" height="512"/>
	<SubTexture name="Miss Up0007" x="3184" y="16" width="512" height="512"/>
	<SubTexture name="Miss Up0008" x="3184" y="16" width="512" height="512"/>
	<SubTexture name="Miss Up0009" x="3184" y="16" width="512" height="512"/>
	<SubTexture name="Sing Down0000" x="16" y="544" width="512" height="512"/>
	<SubTexture name="Sing Down0001" x="16" y="544" width="512" height="512"/>
	<SubTexture name="Sing Down0002" x="544" y="544" width="512" height="512"/>
	<SubTexture name="Sing Down0003" x="544" y="544" width="512" height="512"/>
	<SubTexture name="Sing Down0004" x="544" y="544" width="512" height="512"/>
	<SubTexture name="Sing Down0005" x="544" y="544" width="512" height="512"/>
	<SubTexture name="Sing Down0006" x="544" y="544" width="512" height="512"/>
	<SubTexture name="Sing Down0007" x="544" y="544" width="512" height="512"/>
	<SubTexture name="Sing Down0008" x="544" y="544" width="512" height="512"/>
	<SubTexture name="Sing Down0009" x="544" y="544" width="512" height="512"/>
	<SubTexture name="Sing Left0000" x="1072" y="544" width="512" height="512"/>
	<SubTexture name="Sing Left0001" x="1072" y="544" width="512" height="512"/>
	<SubTexture name="Sing Left0002" x="1600" y="544" width="512" height="512"/>
	<SubTexture name="Sing Left0003" x="1600" y="544" width="512" height="512"/>
	<SubTexture name="Sing Left0004" x="1600" y="544" width="512" height="512"/>
	<SubTexture name="Sing Left0005" x="1600" y="544" width="512" height="512"/>
	<SubTexture name="Sing Left0006" x="1600" y="544" width="512" height="512"/>
	<SubTexture name="Sing Left0007" x="1600" y="544" width="512" height="512"/>
	<SubTexture name="Sing Left0008" x="1600" y="544" width="512" height="512"/>
	<SubTexture name="Sing Left0009" x="1600" y="544" width="512" height="512"/>
	<SubTexture name="Sing Right0000" x="2128" y="544" width="512" height="512"/>
	<SubTexture name="Sing Right0001" x="2128" y="544" width="512" height="512"/>
	<SubTexture name="Sing Right0002" x="2656" y="544" width="512" height="512"/>
	<SubTexture name="Sing Right0003" x="2656" y="544" width="512" height="512"/>
	<SubTexture name="Sing Right0004" x="2656" y="544" width="512" height="512"/>
	<SubTexture name="Sing Right0005" x="2656" y="544" width="512" height="512"/>
	<SubTexture name="Sing Right0006" x="2656" y="544" width="512" height="512"/>
	<SubTexture name="Sing Right0007" x="2656" y="544" width="512" height="512"/>
	<SubTexture name="Sing Right0008" x="2656" y="544" width="512" height="512"/>
	<SubTexture name="Sing Right0009" x="2656" y="544" width="512" height="512"/>
	<SubTexture name="Sing Up0000" x="3184" y="544" width="512" height="512"/>
	<SubTexture name="Sing Up0001" x="3184" y="544" width="512" height="512"/>
	<SubTexture name="Sing Up0002" x="16" y="1072" width="512" height="512"/>
	<SubTexture name="Sing Up0003" x="16" y="1072" width="512" height="512"/>
	<SubTexture name="Sing Up0004" x="16" y="1072" width="512" height="512"/>
	<SubTexture name="Sing Up0005" x="16" y="1072" width="512" height="512"/>
	<SubTexture name="Sing Up0006" x="16" y="1072" width="512" height="512"/>
	<SubTexture name="Sing Up0007" x="16" y="1072" width="512" height="512"/>
	<SubTexture name="Sing Up0008" x="16" y="1072" width="512" height="512"/>
	<SubTexture name="Sing Up0009" x="16" y="1072" width="512" height="512"/>
</TextureAtlas>
