<?xml version="1.0" encoding="utf-8"?>
<TextureAtlas imagePath="Menu_Adam.png">
	<!-- Created with Adobe Animate version 22.0.0.93 -->
	<!-- http://www.adobe.com/products/animate.html -->
	<SubTexture name="Idle0000" x="0" y="0" width="367" height="853" frameX="0" frameY="-21" frameWidth="367" frameHeight="874"/>
	<SubTexture name="Idle0001" x="367" y="0" width="367" height="863" frameX="0" frameY="-10" frameWidth="367" frameHeight="874"/>
	<SubTexture name="Idle0002" x="734" y="0" width="367" height="870" frameX="0" frameY="-3" frameWidth="367" frameHeight="874"/>
	<SubTexture name="Idle0003" x="734" y="0" width="367" height="870" frameX="0" frameY="-3" frameWidth="367" frameHeight="874"/>
	<SubTexture name="Idle0004" x="1101" y="0" width="367" height="873" frameX="0" frameY="0" frameWidth="367" frameHeight="874"/>
	<SubTexture name="Idle0005" x="1101" y="0" width="367" height="873" frameX="0" frameY="0" frameWidth="367" frameHeight="874"/>
	<SubTexture name="Idle0006" x="1468" y="0" width="367" height="873" frameX="0" frameY="0" frameWidth="367" frameHeight="874"/>
	<SubTexture name="Idle0007" x="1468" y="0" width="367" height="873" frameX="0" frameY="0" frameWidth="367" frameHeight="874"/>
	<SubTexture name="Idle0008" x="1468" y="0" width="367" height="873" frameX="0" frameY="0" frameWidth="367" frameHeight="874"/>
	<SubTexture name="Idle0009" x="1468" y="0" width="367" height="873" frameX="0" frameY="0" frameWidth="367" frameHeight="874"/>
	<SubTexture name="Idle0010" x="1468" y="0" width="367" height="873" frameX="0" frameY="0" frameWidth="367" frameHeight="874"/>
	<SubTexture name="Idle0011" x="1468" y="0" width="367" height="873" frameX="0" frameY="0" frameWidth="367" frameHeight="874"/>
	<SubTexture name="Idle0012" x="1468" y="0" width="367" height="873" frameX="0" frameY="0" frameWidth="367" frameHeight="874"/>
	<SubTexture name="Idle0013" x="1468" y="0" width="367" height="873" frameX="0" frameY="0" frameWidth="367" frameHeight="874"/>
</TextureAtlas>
