{
	"dialogue": [
		{
			"sound": "",
			"speed": 0.05,
			"portrait": "chaseDialogueFlip",
			"boxState": "normal",
			"expression": "neutral",
			"text": "O-oh... Looks like you won. Again..."
		},
		{
			"sound": "",
			"speed": 0.05,
			"portrait": "chaseDialogueFlip",
			"boxState": "normal",
			"expression": "neutral",
			"text": "Y'know, it isn't so fun when you always win..."
		},
		{
			"sound": "",
			"speed": 0.05,
			"portrait": "adamDialogue",
			"boxState": "normal",
			"expression": "neutral",
			"text": "Sorry. Uh, maybe we could find another way to cheer you up."
		},
		{
			"sound": "",
			"speed": 0.05,
			"portrait": "chaseDialogueFlip",
			"boxState": "normal",
			"expression": "excited",
			"text": "Ooh! I know! Think fast!"
		},
		{
			"sound": "",
			"speed": 0.05,
			"portrait": "adamDialogue",
			"boxState": "normal",
			"expression": "snowballHit",
			"text": "*thwack* AGH!"
		},
		{
			"sound": "",
			"speed": 0.05,
			"portrait": "chaseDialogueFlip",
			"boxState": "normal",
			"expression": "smug",
			"text": "..."
		},
		{
			"sound": "",
			"speed": 0.05,
			"portrait": "chaseDialogueFlip",
			"boxState": "normal",
			"expression": "sad",
			"text": "A-adam? Are you oka-"
		},
		{
			"sound": "",
			"speed": 0.05,
			"portrait": "chaseDialogueFlip",
			"boxState": "normal",
			"expression": "snowballHit",
			"text": "*thwack* ACK!"
		},
		{
			"sound": "",
			"speed": 0.05,
			"portrait": "adamDialogue",
			"boxState": "normal",
			"expression": "smug",
			"text": "Heheh, was that a parrot I heard?"
		},
		{
			"sound": "",
			"speed": 0.05,
			"portrait": "chaseDialogueFlip",
			"boxState": "normal",
			"expression": "happy",
			"text": "TRAITOR!"
		}
	]
}