﻿<?xml version="1.0" encoding="utf-8"?>
<TextureAtlas imagePath="alphabet.png">
	<!-- Created with Adobe Animate version 22.0.0.93 -->
	<!-- http://www.adobe.com/products/animate.html -->
	<SubTexture name="#0000" x="16" y="16" width="39" height="44"/>
	<SubTexture name="#0001" x="16" y="16" width="39" height="44"/>
	<SubTexture name="#0002" x="71" y="16" width="39" height="44"/>
	<SubTexture name="#0003" x="71" y="16" width="39" height="44"/>
	<SubTexture name="$0000" x="126" y="16" width="40" height="64"/>
	<SubTexture name="$0001" x="126" y="16" width="40" height="64"/>
	<SubTexture name="$0002" x="182" y="16" width="39" height="63" frameX="0" frameY="0" frameWidth="40" frameHeight="64"/>
	<SubTexture name="$0003" x="182" y="16" width="39" height="63" frameX="0" frameY="0" frameWidth="40" frameHeight="64"/>
	<SubTexture name="%0000" x="237" y="16" width="46" height="52"/>
	<SubTexture name="%0001" x="237" y="16" width="46" height="52"/>
	<SubTexture name="%0002" x="299" y="16" width="45" height="52" frameX="0" frameY="0" frameWidth="46" frameHeight="52"/>
	<SubTexture name="%0003" x="299" y="16" width="45" height="52" frameX="0" frameY="0" frameWidth="46" frameHeight="52"/>
	<SubTexture name="&0000" x="360" y="16" width="36" height="58"/>
	<SubTexture name="&0001" x="360" y="16" width="36" height="58"/>
	<SubTexture name="&0002" x="412" y="16" width="36" height="58"/>
	<SubTexture name="&0003" x="412" y="16" width="36" height="58"/>
	<SubTexture name="(0000" x="464" y="16" width="26" height="57"/>
	<SubTexture name="(0001" x="464" y="16" width="26" height="57"/>
	<SubTexture name="(0002" x="506" y="16" width="26" height="56" frameX="0" frameY="0" frameWidth="26" frameHeight="57"/>
	<SubTexture name="(0003" x="506" y="16" width="26" height="56" frameX="0" frameY="0" frameWidth="26" frameHeight="57"/>
	<SubTexture name=")0000" x="548" y="16" width="26" height="55"/>
	<SubTexture name=")0001" x="548" y="16" width="26" height="55"/>
	<SubTexture name=")0002" x="590" y="16" width="26" height="55"/>
	<SubTexture name=")0003" x="590" y="16" width="26" height="55"/>
	<SubTexture name="*0000" x="632" y="16" width="27" height="31"/>
	<SubTexture name="*0001" x="632" y="16" width="27" height="31"/>
	<SubTexture name="*0002" x="675" y="16" width="26" height="31" frameX="0" frameY="0" frameWidth="27" frameHeight="31"/>
	<SubTexture name="*0003" x="675" y="16" width="26" height="31" frameX="0" frameY="0" frameWidth="27" frameHeight="31"/>
	<SubTexture name="+0000" x="717" y="16" width="42" height="39"/>
	<SubTexture name="+0001" x="717" y="16" width="42" height="39"/>
	<SubTexture name="+0002" x="775" y="16" width="42" height="39"/>
	<SubTexture name="+0003" x="775" y="16" width="42" height="39"/>
	<SubTexture name="-0000" x="833" y="16" width="37" height="13"/>
	<SubTexture name="-0001" x="833" y="16" width="37" height="13"/>
	<SubTexture name="-0002" x="886" y="16" width="37" height="13"/>
	<SubTexture name="-0003" x="886" y="16" width="37" height="13"/>
	<SubTexture name="00000" x="939" y="16" width="34" height="54" frameX="0" frameY="0" frameWidth="35" frameHeight="54"/>
	<SubTexture name="00001" x="939" y="16" width="34" height="54" frameX="0" frameY="0" frameWidth="35" frameHeight="54"/>
	<SubTexture name="00002" x="989" y="16" width="35" height="54"/>
	<SubTexture name="00003" x="989" y="16" width="35" height="54"/>
	<SubTexture name="10000" x="1040" y="16" width="23" height="53"/>
	<SubTexture name="10001" x="1040" y="16" width="23" height="53"/>
	<SubTexture name="10002" x="1079" y="16" width="23" height="53"/>
	<SubTexture name="10003" x="1079" y="16" width="23" height="53"/>
	<SubTexture name="20000" x="1118" y="16" width="37" height="52"/>
	<SubTexture name="20001" x="1118" y="16" width="37" height="52"/>
	<SubTexture name="20002" x="1171" y="16" width="36" height="52" frameX="0" frameY="0" frameWidth="37" frameHeight="52"/>
	<SubTexture name="20003" x="1171" y="16" width="36" height="52" frameX="0" frameY="0" frameWidth="37" frameHeight="52"/>
	<SubTexture name="30000" x="1223" y="16" width="34" height="56"/>
	<SubTexture name="30001" x="1223" y="16" width="34" height="56"/>
	<SubTexture name="30002" x="1273" y="16" width="34" height="55" frameX="0" frameY="0" frameWidth="34" frameHeight="56"/>
	<SubTexture name="30003" x="1273" y="16" width="34" height="55" frameX="0" frameY="0" frameWidth="34" frameHeight="56"/>
	<SubTexture name="40000" x="1323" y="16" width="35" height="55"/>
	<SubTexture name="40001" x="1323" y="16" width="35" height="55"/>
	<SubTexture name="40002" x="1374" y="16" width="35" height="54" frameX="0" frameY="0" frameWidth="35" frameHeight="55"/>
	<SubTexture name="40003" x="1374" y="16" width="35" height="54" frameX="0" frameY="0" frameWidth="35" frameHeight="55"/>
	<SubTexture name="50000" x="1425" y="16" width="41" height="53"/>
	<SubTexture name="50001" x="1425" y="16" width="41" height="53"/>
	<SubTexture name="50002" x="1482" y="16" width="41" height="53"/>
	<SubTexture name="50003" x="1482" y="16" width="41" height="53"/>
	<SubTexture name="60000" x="1539" y="16" width="39" height="54"/>
	<SubTexture name="60001" x="1539" y="16" width="39" height="54"/>
	<SubTexture name="60002" x="1594" y="16" width="39" height="54"/>
	<SubTexture name="60003" x="1594" y="16" width="39" height="54"/>
	<SubTexture name="70000" x="1649" y="16" width="40" height="49"/>
	<SubTexture name="70001" x="1649" y="16" width="40" height="49"/>
	<SubTexture name="70002" x="1705" y="16" width="40" height="49"/>
	<SubTexture name="70003" x="1705" y="16" width="40" height="49"/>
	<SubTexture name="80000" x="1761" y="16" width="34" height="56"/>
	<SubTexture name="80001" x="1761" y="16" width="34" height="56"/>
	<SubTexture name="80002" x="1811" y="16" width="33" height="56" frameX="0" frameY="0" frameWidth="34" frameHeight="56"/>
	<SubTexture name="80003" x="1811" y="16" width="33" height="56" frameX="0" frameY="0" frameWidth="34" frameHeight="56"/>
	<SubTexture name="90000" x="1860" y="16" width="34" height="57"/>
	<SubTexture name="90001" x="1860" y="16" width="34" height="57"/>
	<SubTexture name="90002" x="1910" y="16" width="34" height="57"/>
	<SubTexture name="90003" x="1910" y="16" width="34" height="57"/>
	<SubTexture name=":0000" x="1960" y="16" width="14" height="40"/>
	<SubTexture name=":0001" x="1960" y="16" width="14" height="40"/>
	<SubTexture name=":0002" x="1990" y="16" width="14" height="40"/>
	<SubTexture name=":0003" x="1990" y="16" width="14" height="40"/>
	<SubTexture name=";0000" x="16" y="96" width="15" height="44"/>
	<SubTexture name=";0001" x="16" y="96" width="15" height="44"/>
	<SubTexture name=";0002" x="47" y="96" width="15" height="44"/>
	<SubTexture name=";0003" x="47" y="96" width="15" height="44"/>
	<SubTexture name="<0000" x="78" y="96" width="38" height="56"/>
	<SubTexture name="<0001" x="78" y="96" width="38" height="56"/>
	<SubTexture name="<0002" x="132" y="96" width="38" height="55" frameX="0" frameY="0" frameWidth="38" frameHeight="56"/>
	<SubTexture name="<0003" x="132" y="96" width="38" height="55" frameX="0" frameY="0" frameWidth="38" frameHeight="56"/>
	<SubTexture name="=0000" x="186" y="96" width="39" height="29"/>
	<SubTexture name="=0001" x="186" y="96" width="39" height="29"/>
	<SubTexture name="=0002" x="241" y="96" width="39" height="29"/>
	<SubTexture name="=0003" x="241" y="96" width="39" height="29"/>
	<SubTexture name=">0000" x="296" y="96" width="38" height="61"/>
	<SubTexture name=">0001" x="296" y="96" width="38" height="61"/>
	<SubTexture name=">0002" x="350" y="96" width="38" height="61"/>
	<SubTexture name=">0003" x="350" y="96" width="38" height="61"/>
	<SubTexture name="@0000" x="404" y="96" width="51" height="56" frameX="0" frameY="0" frameWidth="52" frameHeight="56"/>
	<SubTexture name="@0001" x="404" y="96" width="51" height="56" frameX="0" frameY="0" frameWidth="52" frameHeight="56"/>
	<SubTexture name="@0002" x="471" y="96" width="52" height="56"/>
	<SubTexture name="@0003" x="471" y="96" width="52" height="56"/>
	<SubTexture name="A bold0000" x="539" y="96" width="54" height="67"/>
	<SubTexture name="A bold0001" x="539" y="96" width="54" height="67"/>
	<SubTexture name="A bold0002" x="609" y="96" width="54" height="67"/>
	<SubTexture name="A bold0003" x="609" y="96" width="54" height="67"/>
	<SubTexture name="A capital0000" x="679" y="96" width="45" height="59"/>
	<SubTexture name="A capital0001" x="679" y="96" width="45" height="59"/>
	<SubTexture name="A capital0002" x="740" y="96" width="45" height="59"/>
	<SubTexture name="A capital0003" x="740" y="96" width="45" height="59"/>
	<SubTexture name="APOSTRAPHIE bold0000" x="801" y="96" width="26" height="37" frameX="-1" frameY="0" frameWidth="28" frameHeight="37"/>
	<SubTexture name="APOSTRAPHIE bold0001" x="801" y="96" width="26" height="37" frameX="-1" frameY="0" frameWidth="28" frameHeight="37"/>
	<SubTexture name="APOSTRAPHIE bold0002" x="843" y="96" width="28" height="37"/>
	<SubTexture name="APOSTRAPHIE bold0003" x="843" y="96" width="28" height="37"/>
	<SubTexture name="B bold0000" x="887" y="96" width="46" height="70"/>
	<SubTexture name="B bold0001" x="887" y="96" width="46" height="70"/>
	<SubTexture name="B bold0002" x="949" y="96" width="46" height="70"/>
	<SubTexture name="B bold0003" x="949" y="96" width="46" height="70"/>
	<SubTexture name="B capital0000" x="1011" y="96" width="38" height="59"/>
	<SubTexture name="B capital0001" x="1011" y="96" width="38" height="59"/>
	<SubTexture name="B capital0002" x="1065" y="96" width="38" height="59"/>
	<SubTexture name="B capital0003" x="1065" y="96" width="38" height="59"/>
	<SubTexture name="C bold0000" x="1119" y="96" width="55" height="66"/>
	<SubTexture name="C bold0001" x="1119" y="96" width="55" height="66"/>
	<SubTexture name="C bold0002" x="1190" y="96" width="54" height="65" frameX="0" frameY="-1" frameWidth="55" frameHeight="66"/>
	<SubTexture name="C bold0003" x="1190" y="96" width="54" height="65" frameX="0" frameY="-1" frameWidth="55" frameHeight="66"/>
	<SubTexture name="C capital0000" x="1260" y="96" width="45" height="57"/>
	<SubTexture name="C capital0001" x="1260" y="96" width="45" height="57"/>
	<SubTexture name="C capital0002" x="1321" y="96" width="45" height="57"/>
	<SubTexture name="C capital0003" x="1321" y="96" width="45" height="57"/>
	<SubTexture name="D bold0000" x="1382" y="96" width="53" height="67"/>
	<SubTexture name="D bold0001" x="1382" y="96" width="53" height="67"/>
	<SubTexture name="D bold0002" x="1451" y="96" width="53" height="67"/>
	<SubTexture name="D bold0003" x="1451" y="96" width="53" height="67"/>
	<SubTexture name="D capital0000" x="1520" y="96" width="48" height="56"/>
	<SubTexture name="D capital0001" x="1520" y="96" width="48" height="56"/>
	<SubTexture name="D capital0002" x="1584" y="96" width="48" height="56"/>
	<SubTexture name="D capital0003" x="1584" y="96" width="48" height="56"/>
	<SubTexture name="E bold0000" x="1648" y="96" width="43" height="66"/>
	<SubTexture name="E bold0001" x="1648" y="96" width="43" height="66"/>
	<SubTexture name="E bold0002" x="1707" y="96" width="43" height="66"/>
	<SubTexture name="E bold0003" x="1707" y="96" width="43" height="66"/>
	<SubTexture name="E capital0000" x="1766" y="96" width="34" height="53"/>
	<SubTexture name="E capital0001" x="1766" y="96" width="34" height="53"/>
	<SubTexture name="E capital0002" x="1816" y="96" width="34" height="53"/>
	<SubTexture name="E capital0003" x="1816" y="96" width="34" height="53"/>
	<SubTexture name="END PARENTHESES bold0000" x="1866" y="96" width="38" height="47"/>
	<SubTexture name="END PARENTHESES bold0001" x="1866" y="96" width="38" height="47"/>
	<SubTexture name="END PARENTHESES bold0002" x="1920" y="96" width="38" height="47"/>
	<SubTexture name="END PARENTHESES bold0003" x="1920" y="96" width="38" height="47"/>
	<SubTexture name="EXCLAMATION POINT bold0000" x="1974" y="96" width="23" height="79"/>
	<SubTexture name="EXCLAMATION POINT bold0001" x="1974" y="96" width="23" height="79"/>
	<SubTexture name="EXCLAMATION POINT bold0002" x="16" y="191" width="23" height="78" frameX="0" frameY="0" frameWidth="23" frameHeight="79"/>
	<SubTexture name="EXCLAMATION POINT bold0003" x="16" y="191" width="23" height="78" frameX="0" frameY="0" frameWidth="23" frameHeight="79"/>
	<SubTexture name="F bold0000" x="55" y="191" width="43" height="67"/>
	<SubTexture name="F bold0001" x="55" y="191" width="43" height="67"/>
	<SubTexture name="F bold0002" x="114" y="191" width="43" height="67"/>
	<SubTexture name="F bold0003" x="114" y="191" width="43" height="67"/>
	<SubTexture name="F capital0000" x="173" y="191" width="36" height="51"/>
	<SubTexture name="F capital0001" x="173" y="191" width="36" height="51"/>
	<SubTexture name="F capital0002" x="225" y="191" width="36" height="51"/>
	<SubTexture name="F capital0003" x="225" y="191" width="36" height="51"/>
	<SubTexture name="G bold0000" x="277" y="191" width="54" height="70"/>
	<SubTexture name="G bold0001" x="277" y="191" width="54" height="70"/>
	<SubTexture name="G bold0002" x="347" y="191" width="54" height="70"/>
	<SubTexture name="G bold0003" x="347" y="191" width="54" height="70"/>
	<SubTexture name="G capital0000" x="417" y="191" width="43" height="55"/>
	<SubTexture name="G capital0001" x="417" y="191" width="43" height="55"/>
	<SubTexture name="G capital0002" x="476" y="191" width="43" height="55"/>
	<SubTexture name="G capital0003" x="476" y="191" width="43" height="55"/>
	<SubTexture name="H bold0000" x="535" y="191" width="45" height="66"/>
	<SubTexture name="H bold0001" x="535" y="191" width="45" height="66"/>
	<SubTexture name="H bold0002" x="596" y="191" width="44" height="66" frameX="0" frameY="0" frameWidth="45" frameHeight="66"/>
	<SubTexture name="H bold0003" x="596" y="191" width="44" height="66" frameX="0" frameY="0" frameWidth="45" frameHeight="66"/>
	<SubTexture name="H capital0000" x="656" y="191" width="32" height="53"/>
	<SubTexture name="H capital0001" x="656" y="191" width="32" height="53"/>
	<SubTexture name="H capital0002" x="704" y="191" width="32" height="52" frameX="0" frameY="0" frameWidth="32" frameHeight="53"/>
	<SubTexture name="H capital0003" x="704" y="191" width="32" height="52" frameX="0" frameY="0" frameWidth="32" frameHeight="53"/>
	<SubTexture name="I bold0000" x="752" y="191" width="43" height="64"/>
	<SubTexture name="I bold0001" x="752" y="191" width="43" height="64"/>
	<SubTexture name="I bold0002" x="811" y="191" width="43" height="64"/>
	<SubTexture name="I bold0003" x="811" y="191" width="43" height="64"/>
	<SubTexture name="I capital0000" x="870" y="191" width="36" height="52"/>
	<SubTexture name="I capital0001" x="870" y="191" width="36" height="52"/>
	<SubTexture name="I capital0002" x="922" y="191" width="36" height="52"/>
	<SubTexture name="I capital0003" x="922" y="191" width="36" height="52"/>
	<SubTexture name="J bold0000" x="974" y="191" width="54" height="70"/>
	<SubTexture name="J bold0001" x="974" y="191" width="54" height="70"/>
	<SubTexture name="J bold0002" x="1044" y="191" width="54" height="70"/>
	<SubTexture name="J bold0003" x="1044" y="191" width="54" height="70"/>
	<SubTexture name="J capital0000" x="1114" y="191" width="39" height="54"/>
	<SubTexture name="J capital0001" x="1114" y="191" width="39" height="54"/>
	<SubTexture name="J capital0002" x="1169" y="191" width="39" height="54"/>
	<SubTexture name="J capital0003" x="1169" y="191" width="39" height="54"/>
	<SubTexture name="K bold0000" x="1224" y="191" width="44" height="69"/>
	<SubTexture name="K bold0001" x="1224" y="191" width="44" height="69"/>
	<SubTexture name="K bold0002" x="1284" y="191" width="44" height="69"/>
	<SubTexture name="K bold0003" x="1284" y="191" width="44" height="69"/>
	<SubTexture name="K capital0000" x="1344" y="191" width="35" height="52"/>
	<SubTexture name="K capital0001" x="1344" y="191" width="35" height="52"/>
	<SubTexture name="K capital0002" x="1395" y="191" width="35" height="52"/>
	<SubTexture name="K capital0003" x="1395" y="191" width="35" height="52"/>
	<SubTexture name="L bold0000" x="1446" y="191" width="41" height="66"/>
	<SubTexture name="L bold0001" x="1446" y="191" width="41" height="66"/>
	<SubTexture name="L bold0002" x="1503" y="191" width="41" height="66"/>
	<SubTexture name="L bold0003" x="1503" y="191" width="41" height="66"/>
	<SubTexture name="L capital0000" x="1560" y="191" width="34" height="53"/>
	<SubTexture name="L capital0001" x="1560" y="191" width="34" height="53"/>
	<SubTexture name="L capital0002" x="1610" y="191" width="34" height="53"/>
	<SubTexture name="L capital0003" x="1610" y="191" width="34" height="53"/>
	<SubTexture name="M bold0000" x="1660" y="191" width="56" height="63"/>
	<SubTexture name="M bold0001" x="1660" y="191" width="56" height="63"/>
	<SubTexture name="M bold0002" x="1732" y="191" width="56" height="63"/>
	<SubTexture name="M bold0003" x="1732" y="191" width="56" height="63"/>
	<SubTexture name="M capital0000" x="1804" y="191" width="44" height="50"/>
	<SubTexture name="M capital0001" x="1804" y="191" width="44" height="50"/>
	<SubTexture name="M capital0002" x="1864" y="191" width="44" height="50"/>
	<SubTexture name="M capital0003" x="1864" y="191" width="44" height="50"/>
	<SubTexture name="N bold0000" x="1924" y="191" width="45" height="65"/>
	<SubTexture name="N bold0001" x="1924" y="191" width="45" height="65"/>
	<SubTexture name="N bold0002" x="1985" y="191" width="45" height="65"/>
	<SubTexture name="N bold0003" x="1985" y="191" width="45" height="65"/>
	<SubTexture name="N capital0000" x="16" y="285" width="32" height="50"/>
	<SubTexture name="N capital0001" x="16" y="285" width="32" height="50"/>
	<SubTexture name="N capital0002" x="64" y="285" width="32" height="50"/>
	<SubTexture name="N capital0003" x="64" y="285" width="32" height="50"/>
	<SubTexture name="O bold0000" x="112" y="285" width="50" height="69"/>
	<SubTexture name="O bold0001" x="112" y="285" width="50" height="69"/>
	<SubTexture name="O bold0002" x="178" y="285" width="50" height="69"/>
	<SubTexture name="O bold0003" x="178" y="285" width="50" height="69"/>
	<SubTexture name="O capital0000" x="244" y="285" width="40" height="54"/>
	<SubTexture name="O capital0001" x="244" y="285" width="40" height="54"/>
	<SubTexture name="O capital0002" x="300" y="285" width="40" height="54"/>
	<SubTexture name="O capital0003" x="300" y="285" width="40" height="54"/>
	<SubTexture name="P bold0000" x="356" y="285" width="46" height="70"/>
	<SubTexture name="P bold0001" x="356" y="285" width="46" height="70"/>
	<SubTexture name="P bold0002" x="418" y="285" width="46" height="70"/>
	<SubTexture name="P bold0003" x="418" y="285" width="46" height="70"/>
	<SubTexture name="P capital0000" x="480" y="285" width="35" height="51"/>
	<SubTexture name="P capital0001" x="480" y="285" width="35" height="51"/>
	<SubTexture name="P capital0002" x="531" y="285" width="35" height="51"/>
	<SubTexture name="P capital0003" x="531" y="285" width="35" height="51"/>
	<SubTexture name="PERIOD bold0000" x="582" y="285" width="17" height="17"/>
	<SubTexture name="PERIOD bold0001" x="582" y="285" width="17" height="17"/>
	<SubTexture name="PERIOD bold0002" x="615" y="285" width="17" height="17"/>
	<SubTexture name="PERIOD bold0003" x="615" y="285" width="17" height="17"/>
	<SubTexture name="Q bold0000" x="648" y="285" width="52" height="67"/>
	<SubTexture name="Q bold0001" x="648" y="285" width="52" height="67"/>
	<SubTexture name="Q bold0002" x="716" y="285" width="52" height="67"/>
	<SubTexture name="Q bold0003" x="716" y="285" width="52" height="67"/>
	<SubTexture name="Q capital0000" x="784" y="285" width="41" height="51"/>
	<SubTexture name="Q capital0001" x="784" y="285" width="41" height="51"/>
	<SubTexture name="Q capital0002" x="841" y="285" width="41" height="51"/>
	<SubTexture name="Q capital0003" x="841" y="285" width="41" height="51"/>
	<SubTexture name="QUESTION MARK bold0000" x="898" y="285" width="44" height="73"/>
	<SubTexture name="QUESTION MARK bold0001" x="898" y="285" width="44" height="73"/>
	<SubTexture name="QUESTION MARK bold0002" x="958" y="285" width="44" height="73"/>
	<SubTexture name="QUESTION MARK bold0003" x="958" y="285" width="44" height="73"/>
	<SubTexture name="R bold0000" x="1018" y="285" width="47" height="66"/>
	<SubTexture name="R bold0001" x="1018" y="285" width="47" height="66"/>
	<SubTexture name="R bold0002" x="1081" y="285" width="47" height="66"/>
	<SubTexture name="R bold0003" x="1081" y="285" width="47" height="66"/>
	<SubTexture name="R capital0000" x="1144" y="285" width="40" height="55"/>
	<SubTexture name="R capital0001" x="1144" y="285" width="40" height="55"/>
	<SubTexture name="R capital0002" x="1200" y="285" width="40" height="55"/>
	<SubTexture name="R capital0003" x="1200" y="285" width="40" height="55"/>
	<SubTexture name="S bold0000" x="1256" y="285" width="49" height="66"/>
	<SubTexture name="S bold0001" x="1256" y="285" width="49" height="66"/>
	<SubTexture name="S bold0002" x="1321" y="285" width="49" height="66"/>
	<SubTexture name="S bold0003" x="1321" y="285" width="49" height="66"/>
	<SubTexture name="S capital0000" x="1386" y="285" width="38" height="55"/>
	<SubTexture name="S capital0001" x="1386" y="285" width="38" height="55"/>
	<SubTexture name="S capital0002" x="1440" y="285" width="38" height="55"/>
	<SubTexture name="S capital0003" x="1440" y="285" width="38" height="55"/>
	<SubTexture name="START PARENTHESES bold0000" x="1494" y="285" width="38" height="47"/>
	<SubTexture name="START PARENTHESES bold0001" x="1494" y="285" width="38" height="47"/>
	<SubTexture name="START PARENTHESES bold0002" x="1548" y="285" width="38" height="47"/>
	<SubTexture name="START PARENTHESES bold0003" x="1548" y="285" width="38" height="47"/>
	<SubTexture name="T bold0000" x="1602" y="285" width="44" height="64"/>
	<SubTexture name="T bold0001" x="1602" y="285" width="44" height="64"/>
	<SubTexture name="T bold0002" x="1662" y="285" width="44" height="64"/>
	<SubTexture name="T bold0003" x="1662" y="285" width="44" height="64"/>
	<SubTexture name="T capital0000" x="1722" y="285" width="42" height="50"/>
	<SubTexture name="T capital0001" x="1722" y="285" width="42" height="50"/>
	<SubTexture name="T capital0002" x="1780" y="285" width="42" height="50"/>
	<SubTexture name="T capital0003" x="1780" y="285" width="42" height="50"/>
	<SubTexture name="U bold0000" x="1838" y="285" width="44" height="59"/>
	<SubTexture name="U bold0001" x="1838" y="285" width="44" height="59"/>
	<SubTexture name="U bold0002" x="1898" y="285" width="44" height="59"/>
	<SubTexture name="U bold0003" x="1898" y="285" width="44" height="59"/>
	<SubTexture name="U capital0000" x="1958" y="285" width="38" height="49"/>
	<SubTexture name="U capital0001" x="1958" y="285" width="38" height="49"/>
	<SubTexture name="U capital0002" x="16" y="374" width="38" height="49"/>
	<SubTexture name="U capital0003" x="16" y="374" width="38" height="49"/>
	<SubTexture name="V bold0000" x="70" y="374" width="54" height="66"/>
	<SubTexture name="V bold0001" x="70" y="374" width="54" height="66"/>
	<SubTexture name="V bold0002" x="140" y="374" width="54" height="66"/>
	<SubTexture name="V bold0003" x="140" y="374" width="54" height="66"/>
	<SubTexture name="V capital0000" x="210" y="374" width="40" height="48"/>
	<SubTexture name="V capital0001" x="210" y="374" width="40" height="48"/>
	<SubTexture name="V capital0002" x="266" y="374" width="40" height="48"/>
	<SubTexture name="V capital0003" x="266" y="374" width="40" height="48"/>
	<SubTexture name="W bold0000" x="322" y="374" width="58" height="63"/>
	<SubTexture name="W bold0001" x="322" y="374" width="58" height="63"/>
	<SubTexture name="W bold0002" x="396" y="374" width="58" height="63"/>
	<SubTexture name="W bold0003" x="396" y="374" width="58" height="63"/>
	<SubTexture name="W capital0000" x="470" y="374" width="46" height="51"/>
	<SubTexture name="W capital0001" x="470" y="374" width="46" height="51"/>
	<SubTexture name="W capital0002" x="532" y="374" width="46" height="51"/>
	<SubTexture name="W capital0003" x="532" y="374" width="46" height="51"/>
	<SubTexture name="X bold0000" x="594" y="374" width="55" height="67"/>
	<SubTexture name="X bold0001" x="594" y="374" width="55" height="67"/>
	<SubTexture name="X bold0002" x="665" y="374" width="55" height="67"/>
	<SubTexture name="X bold0003" x="665" y="374" width="55" height="67"/>
	<SubTexture name="X capital0000" x="736" y="374" width="41" height="53"/>
	<SubTexture name="X capital0001" x="736" y="374" width="41" height="53"/>
	<SubTexture name="X capital0002" x="793" y="374" width="41" height="53"/>
	<SubTexture name="X capital0003" x="793" y="374" width="41" height="53"/>
	<SubTexture name="Y bold0000" x="850" y="374" width="54" height="69"/>
	<SubTexture name="Y bold0001" x="850" y="374" width="54" height="69"/>
	<SubTexture name="Y bold0002" x="920" y="374" width="54" height="69"/>
	<SubTexture name="Y bold0003" x="920" y="374" width="54" height="69"/>
	<SubTexture name="Y capital0000" x="990" y="374" width="42" height="52"/>
	<SubTexture name="Y capital0001" x="990" y="374" width="42" height="52"/>
	<SubTexture name="Y capital0002" x="1048" y="374" width="42" height="52"/>
	<SubTexture name="Y capital0003" x="1048" y="374" width="42" height="52"/>
	<SubTexture name="Z bold0000" x="1106" y="374" width="52" height="65"/>
	<SubTexture name="Z bold0001" x="1106" y="374" width="52" height="65"/>
	<SubTexture name="Z bold0002" x="1174" y="374" width="52" height="65"/>
	<SubTexture name="Z bold0003" x="1174" y="374" width="52" height="65"/>
	<SubTexture name="Z capital0000" x="1242" y="374" width="38" height="47"/>
	<SubTexture name="Z capital0001" x="1242" y="374" width="38" height="47"/>
	<SubTexture name="Z capital0002" x="1296" y="374" width="38" height="47"/>
	<SubTexture name="Z capital0003" x="1296" y="374" width="38" height="47"/>
	<SubTexture name="[0000" x="1350" y="374" width="25" height="61"/>
	<SubTexture name="[0001" x="1350" y="374" width="25" height="61"/>
	<SubTexture name="[0002" x="1391" y="374" width="24" height="61" frameX="0" frameY="0" frameWidth="25" frameHeight="61"/>
	<SubTexture name="[0003" x="1391" y="374" width="24" height="61" frameX="0" frameY="0" frameWidth="25" frameHeight="61"/>
	<SubTexture name="\0000" x="1431" y="374" width="43" height="59"/>
	<SubTexture name="\0001" x="1431" y="374" width="43" height="59"/>
	<SubTexture name="\0002" x="1490" y="374" width="42" height="59" frameX="0" frameY="0" frameWidth="43" frameHeight="59"/>
	<SubTexture name="\0003" x="1490" y="374" width="42" height="59" frameX="0" frameY="0" frameWidth="43" frameHeight="59"/>
	<SubTexture name="]0000" x="1548" y="374" width="25" height="63"/>
	<SubTexture name="]0001" x="1548" y="374" width="25" height="63"/>
	<SubTexture name="]0002" x="1589" y="374" width="25" height="63"/>
	<SubTexture name="]0003" x="1589" y="374" width="25" height="63"/>
	<SubTexture name="^0000" x="1630" y="374" width="32" height="27"/>
	<SubTexture name="^0001" x="1630" y="374" width="32" height="27"/>
	<SubTexture name="^0002" x="1678" y="374" width="32" height="27"/>
	<SubTexture name="^0003" x="1678" y="374" width="32" height="27"/>
	<SubTexture name="_0000" x="1726" y="374" width="53" height="13"/>
	<SubTexture name="_0001" x="1726" y="374" width="53" height="13"/>
	<SubTexture name="_0002" x="1795" y="374" width="53" height="13"/>
	<SubTexture name="_0003" x="1795" y="374" width="53" height="13"/>
	<SubTexture name="a lowercase0000" x="1864" y="374" width="36" height="38"/>
	<SubTexture name="a lowercase0001" x="1864" y="374" width="36" height="38"/>
	<SubTexture name="a lowercase0002" x="1916" y="374" width="36" height="38"/>
	<SubTexture name="a lowercase0003" x="1916" y="374" width="36" height="38"/>
	<SubTexture name="angry faic0000" x="1968" y="374" width="54" height="54"/>
	<SubTexture name="angry faic0001" x="1968" y="374" width="54" height="54"/>
	<SubTexture name="angry faic0002" x="16" y="459" width="54" height="54"/>
	<SubTexture name="angry faic0003" x="16" y="459" width="54" height="54"/>
	<SubTexture name="apostraphie0000" x="86" y="459" width="17" height="27"/>
	<SubTexture name="apostraphie0001" x="86" y="459" width="17" height="27"/>
	<SubTexture name="apostraphie0002" x="119" y="459" width="17" height="27"/>
	<SubTexture name="apostraphie0003" x="119" y="459" width="17" height="27"/>
	<SubTexture name="b lowercase0000" x="152" y="459" width="31" height="50"/>
	<SubTexture name="b lowercase0001" x="152" y="459" width="31" height="50"/>
	<SubTexture name="b lowercase0002" x="199" y="459" width="31" height="50"/>
	<SubTexture name="b lowercase0003" x="199" y="459" width="31" height="50"/>
	<SubTexture name="bold %0000" x="246" y="459" width="57" height="62"/>
	<SubTexture name="bold %0001" x="246" y="459" width="57" height="62"/>
	<SubTexture name="bold %0002" x="319" y="459" width="56" height="62" frameX="-1" frameY="0" frameWidth="57" frameHeight="62"/>
	<SubTexture name="bold %0003" x="319" y="459" width="56" height="62" frameX="-1" frameY="0" frameWidth="57" frameHeight="62"/>
	<SubTexture name="bold &0000" x="391" y="459" width="47" height="70"/>
	<SubTexture name="bold &0001" x="391" y="459" width="47" height="70"/>
	<SubTexture name="bold &0002" x="454" y="459" width="46" height="69" frameX="0" frameY="0" frameWidth="47" frameHeight="70"/>
	<SubTexture name="bold &0003" x="454" y="459" width="46" height="69" frameX="0" frameY="0" frameWidth="47" frameHeight="70"/>
	<SubTexture name="bold (0000" x="516" y="459" width="37" height="75"/>
	<SubTexture name="bold (0001" x="516" y="459" width="37" height="75"/>
	<SubTexture name="bold (0002" x="569" y="459" width="37" height="74" frameX="0" frameY="0" frameWidth="37" frameHeight="75"/>
	<SubTexture name="bold (0003" x="569" y="459" width="37" height="74" frameX="0" frameY="0" frameWidth="37" frameHeight="75"/>
	<SubTexture name="bold )0000" x="622" y="459" width="37" height="75"/>
	<SubTexture name="bold )0001" x="622" y="459" width="37" height="75"/>
	<SubTexture name="bold )0002" x="675" y="459" width="37" height="74" frameX="0" frameY="-1" frameWidth="37" frameHeight="75"/>
	<SubTexture name="bold )0003" x="675" y="459" width="37" height="74" frameX="0" frameY="-1" frameWidth="37" frameHeight="75"/>
	<SubTexture name="bold *0000" x="728" y="459" width="34" height="39"/>
	<SubTexture name="bold *0001" x="728" y="459" width="34" height="39"/>
	<SubTexture name="bold *0002" x="778" y="459" width="33" height="39" frameX="0" frameY="0" frameWidth="34" frameHeight="39"/>
	<SubTexture name="bold *0003" x="778" y="459" width="33" height="39" frameX="0" frameY="0" frameWidth="34" frameHeight="39"/>
	<SubTexture name="bold +0000" x="827" y="459" width="50" height="47"/>
	<SubTexture name="bold +0001" x="827" y="459" width="50" height="47"/>
	<SubTexture name="bold +0002" x="893" y="459" width="49" height="47" frameX="-1" frameY="0" frameWidth="50" frameHeight="47"/>
	<SubTexture name="bold +0003" x="893" y="459" width="49" height="47" frameX="-1" frameY="0" frameWidth="50" frameHeight="47"/>
	<SubTexture name="bold -0000" x="958" y="459" width="46" height="19" frameX="0" frameY="0" frameWidth="47" frameHeight="19"/>
	<SubTexture name="bold -0001" x="958" y="459" width="46" height="19" frameX="0" frameY="0" frameWidth="47" frameHeight="19"/>
	<SubTexture name="bold -0002" x="1020" y="459" width="47" height="18" frameX="0" frameY="-1" frameWidth="47" frameHeight="19"/>
	<SubTexture name="bold -0003" x="1020" y="459" width="47" height="18" frameX="0" frameY="-1" frameWidth="47" frameHeight="19"/>
	<SubTexture name="bold :0000" x="1083" y="459" width="20" height="46"/>
	<SubTexture name="bold :0001" x="1083" y="459" width="20" height="46"/>
	<SubTexture name="bold :0002" x="1119" y="459" width="20" height="45" frameX="0" frameY="0" frameWidth="20" frameHeight="46"/>
	<SubTexture name="bold :0003" x="1119" y="459" width="20" height="45" frameX="0" frameY="0" frameWidth="20" frameHeight="46"/>
	<SubTexture name="bold ;0000" x="1155" y="459" width="23" height="52"/>
	<SubTexture name="bold ;0001" x="1155" y="459" width="23" height="52"/>
	<SubTexture name="bold ;0002" x="1194" y="459" width="23" height="52"/>
	<SubTexture name="bold ;0003" x="1194" y="459" width="23" height="52"/>
	<SubTexture name="bold <0000" x="1233" y="459" width="49" height="76"/>
	<SubTexture name="bold <0001" x="1233" y="459" width="49" height="76"/>
	<SubTexture name="bold <0002" x="1298" y="459" width="48" height="76" frameX="-1" frameY="0" frameWidth="49" frameHeight="76"/>
	<SubTexture name="bold <0003" x="1298" y="459" width="48" height="76" frameX="-1" frameY="0" frameWidth="49" frameHeight="76"/>
	<SubTexture name="bold =0000" x="1362" y="459" width="50" height="35"/>
	<SubTexture name="bold =0001" x="1362" y="459" width="50" height="35"/>
	<SubTexture name="bold =0002" x="1428" y="459" width="49" height="35" frameX="-1" frameY="0" frameWidth="50" frameHeight="35"/>
	<SubTexture name="bold =0003" x="1428" y="459" width="49" height="35" frameX="-1" frameY="0" frameWidth="50" frameHeight="35"/>
	<SubTexture name="bold >0000" x="1493" y="459" width="49" height="76"/>
	<SubTexture name="bold >0001" x="1493" y="459" width="49" height="76"/>
	<SubTexture name="bold >0002" x="1558" y="459" width="48" height="76" frameX="0" frameY="0" frameWidth="49" frameHeight="76"/>
	<SubTexture name="bold >0003" x="1558" y="459" width="48" height="76" frameX="0" frameY="0" frameWidth="49" frameHeight="76"/>
	<SubTexture name="bold @0000" x="1622" y="459" width="62" height="61" frameX="-1" frameY="-1" frameWidth="65" frameHeight="63"/>
	<SubTexture name="bold @0001" x="1622" y="459" width="62" height="61" frameX="-1" frameY="-1" frameWidth="65" frameHeight="63"/>
	<SubTexture name="bold @0002" x="1700" y="459" width="65" height="63"/>
	<SubTexture name="bold @0003" x="1700" y="459" width="65" height="63"/>
	<SubTexture name="bold [0000" x="1781" y="459" width="34" height="69"/>
	<SubTexture name="bold [0001" x="1781" y="459" width="34" height="69"/>
	<SubTexture name="bold [0002" x="1831" y="459" width="34" height="69"/>
	<SubTexture name="bold [0003" x="1831" y="459" width="34" height="69"/>
	<SubTexture name="bold ]0000" x="1881" y="459" width="34" height="70" frameX="-1" frameY="0" frameWidth="35" frameHeight="71"/>
	<SubTexture name="bold ]0001" x="1881" y="459" width="34" height="70" frameX="-1" frameY="0" frameWidth="35" frameHeight="71"/>
	<SubTexture name="bold ]0002" x="1931" y="459" width="34" height="71" frameX="0" frameY="0" frameWidth="35" frameHeight="71"/>
	<SubTexture name="bold ]0003" x="1931" y="459" width="34" height="71" frameX="0" frameY="0" frameWidth="35" frameHeight="71"/>
	<SubTexture name="bold00000" x="1981" y="459" width="45" height="65"/>
	<SubTexture name="bold00001" x="1981" y="459" width="45" height="65"/>
	<SubTexture name="bold00002" x="16" y="551" width="45" height="65"/>
	<SubTexture name="bold00003" x="16" y="551" width="45" height="65"/>
	<SubTexture name="bold10000" x="77" y="551" width="31" height="64"/>
	<SubTexture name="bold10001" x="77" y="551" width="31" height="64"/>
	<SubTexture name="bold10002" x="124" y="551" width="31" height="64"/>
	<SubTexture name="bold10003" x="124" y="551" width="31" height="64"/>
	<SubTexture name="bold20000" x="171" y="551" width="47" height="63"/>
	<SubTexture name="bold20001" x="171" y="551" width="47" height="63"/>
	<SubTexture name="bold20002" x="234" y="551" width="45" height="63" frameX="-1" frameY="0" frameWidth="47" frameHeight="63"/>
	<SubTexture name="bold20003" x="234" y="551" width="45" height="63" frameX="-1" frameY="0" frameWidth="47" frameHeight="63"/>
	<SubTexture name="bold30000" x="295" y="551" width="41" height="63"/>
	<SubTexture name="bold30001" x="295" y="551" width="41" height="63"/>
	<SubTexture name="bold30002" x="352" y="551" width="40" height="62" frameX="0" frameY="-1" frameWidth="41" frameHeight="63"/>
	<SubTexture name="bold30003" x="352" y="551" width="40" height="62" frameX="0" frameY="-1" frameWidth="41" frameHeight="63"/>
	<SubTexture name="bold40000" x="408" y="551" width="42" height="62"/>
	<SubTexture name="bold40001" x="408" y="551" width="42" height="62"/>
	<SubTexture name="bold40002" x="466" y="551" width="41" height="62" frameX="-1" frameY="0" frameWidth="42" frameHeight="62"/>
	<SubTexture name="bold40003" x="466" y="551" width="41" height="62" frameX="-1" frameY="0" frameWidth="42" frameHeight="62"/>
	<SubTexture name="bold50000" x="523" y="551" width="51" height="63" frameX="-1" frameY="-1" frameWidth="52" frameHeight="64"/>
	<SubTexture name="bold50001" x="523" y="551" width="51" height="63" frameX="-1" frameY="-1" frameWidth="52" frameHeight="64"/>
	<SubTexture name="bold50002" x="590" y="551" width="51" height="64" frameX="0" frameY="0" frameWidth="52" frameHeight="64"/>
	<SubTexture name="bold50003" x="590" y="551" width="51" height="64" frameX="0" frameY="0" frameWidth="52" frameHeight="64"/>
	<SubTexture name="bold60000" x="657" y="551" width="50" height="66"/>
	<SubTexture name="bold60001" x="657" y="551" width="50" height="66"/>
	<SubTexture name="bold60002" x="723" y="551" width="49" height="66" frameX="0" frameY="0" frameWidth="50" frameHeight="66"/>
	<SubTexture name="bold60003" x="723" y="551" width="49" height="66" frameX="0" frameY="0" frameWidth="50" frameHeight="66"/>
	<SubTexture name="bold70000" x="788" y="551" width="50" height="62"/>
	<SubTexture name="bold70001" x="788" y="551" width="50" height="62"/>
	<SubTexture name="bold70002" x="854" y="551" width="49" height="62" frameX="0" frameY="0" frameWidth="50" frameHeight="62"/>
	<SubTexture name="bold70003" x="854" y="551" width="49" height="62" frameX="0" frameY="0" frameWidth="50" frameHeight="62"/>
	<SubTexture name="bold80000" x="919" y="551" width="42" height="65"/>
	<SubTexture name="bold80001" x="919" y="551" width="42" height="65"/>
	<SubTexture name="bold80002" x="977" y="551" width="41" height="65" frameX="-1" frameY="0" frameWidth="42" frameHeight="65"/>
	<SubTexture name="bold80003" x="977" y="551" width="41" height="65" frameX="-1" frameY="0" frameWidth="42" frameHeight="65"/>
	<SubTexture name="bold90000" x="1034" y="551" width="45" height="66"/>
	<SubTexture name="bold90001" x="1034" y="551" width="45" height="66"/>
	<SubTexture name="bold90002" x="1095" y="551" width="45" height="66"/>
	<SubTexture name="bold90003" x="1095" y="551" width="45" height="66"/>
	<SubTexture name="c lowercase0000" x="1156" y="551" width="33" height="33"/>
	<SubTexture name="c lowercase0001" x="1156" y="551" width="33" height="33"/>
	<SubTexture name="c lowercase0002" x="1205" y="551" width="32" height="33" frameX="0" frameY="0" frameWidth="33" frameHeight="33"/>
	<SubTexture name="c lowercase0003" x="1205" y="551" width="32" height="33" frameX="0" frameY="0" frameWidth="33" frameHeight="33"/>
	<SubTexture name="comma0000" x="1253" y="551" width="19" height="23"/>
	<SubTexture name="comma0001" x="1253" y="551" width="19" height="23"/>
	<SubTexture name="comma0002" x="1288" y="551" width="19" height="23"/>
	<SubTexture name="comma0003" x="1288" y="551" width="19" height="23"/>
	<SubTexture name="d lowercase0000" x="1323" y="551" width="32" height="53"/>
	<SubTexture name="d lowercase0001" x="1323" y="551" width="32" height="53"/>
	<SubTexture name="d lowercase0002" x="1371" y="551" width="32" height="53"/>
	<SubTexture name="d lowercase0003" x="1371" y="551" width="32" height="53"/>
	<SubTexture name="down arrow0000" x="1419" y="551" width="39" height="44"/>
	<SubTexture name="down arrow0001" x="1419" y="551" width="39" height="44"/>
	<SubTexture name="down arrow0002" x="1474" y="551" width="38" height="44" frameX="0" frameY="0" frameWidth="39" frameHeight="44"/>
	<SubTexture name="down arrow0003" x="1474" y="551" width="38" height="44" frameX="0" frameY="0" frameWidth="39" frameHeight="44"/>
	<SubTexture name="e lowercase0000" x="1528" y="551" width="33" height="37"/>
	<SubTexture name="e lowercase0001" x="1528" y="551" width="33" height="37"/>
	<SubTexture name="e lowercase0002" x="1577" y="551" width="33" height="37"/>
	<SubTexture name="e lowercase0003" x="1577" y="551" width="33" height="37"/>
	<SubTexture name="end parentheses0000" x="1626" y="551" width="28" height="36"/>
	<SubTexture name="end parentheses0001" x="1626" y="551" width="28" height="36"/>
	<SubTexture name="end parentheses0002" x="1670" y="551" width="28" height="36"/>
	<SubTexture name="end parentheses0003" x="1670" y="551" width="28" height="36"/>
	<SubTexture name="exclamation point0000" x="1714" y="551" width="17" height="64"/>
	<SubTexture name="exclamation point0001" x="1714" y="551" width="17" height="64"/>
	<SubTexture name="exclamation point0002" x="1747" y="551" width="16" height="64" frameX="0" frameY="0" frameWidth="17" frameHeight="64"/>
	<SubTexture name="exclamation point0003" x="1747" y="551" width="16" height="64" frameX="0" frameY="0" frameWidth="17" frameHeight="64"/>
	<SubTexture name="f lowercase0000" x="1779" y="551" width="27" height="48"/>
	<SubTexture name="f lowercase0001" x="1779" y="551" width="27" height="48"/>
	<SubTexture name="f lowercase0002" x="1822" y="551" width="27" height="48"/>
	<SubTexture name="f lowercase0003" x="1822" y="551" width="27" height="48"/>
	<SubTexture name="forward slash0000" x="1865" y="551" width="46" height="58"/>
	<SubTexture name="forward slash0001" x="1865" y="551" width="46" height="58"/>
	<SubTexture name="forward slash0002" x="1927" y="551" width="46" height="58"/>
	<SubTexture name="forward slash0003" x="1927" y="551" width="46" height="58"/>
	<SubTexture name="g lowercase0000" x="1989" y="551" width="33" height="41"/>
	<SubTexture name="g lowercase0001" x="1989" y="551" width="33" height="41"/>
	<SubTexture name="g lowercase0002" x="16" y="633" width="33" height="41"/>
	<SubTexture name="g lowercase0003" x="16" y="633" width="33" height="41"/>
	<SubTexture name="h lowercase0000" x="65" y="633" width="29" height="48"/>
	<SubTexture name="h lowercase0001" x="65" y="633" width="29" height="48"/>
	<SubTexture name="h lowercase0002" x="110" y="633" width="29" height="48"/>
	<SubTexture name="h lowercase0003" x="110" y="633" width="29" height="48"/>
	<SubTexture name="heart0000" x="155" y="633" width="43" height="41"/>
	<SubTexture name="heart0001" x="155" y="633" width="43" height="41"/>
	<SubTexture name="heart0002" x="214" y="633" width="43" height="41"/>
	<SubTexture name="heart0003" x="214" y="633" width="43" height="41"/>
	<SubTexture name="i lowercase0000" x="273" y="633" width="13" height="42"/>
	<SubTexture name="i lowercase0001" x="273" y="633" width="13" height="42"/>
	<SubTexture name="i lowercase0002" x="302" y="633" width="13" height="42"/>
	<SubTexture name="i lowercase0003" x="302" y="633" width="13" height="42"/>
	<SubTexture name="j lowercase0000" x="331" y="633" width="28" height="48"/>
	<SubTexture name="j lowercase0001" x="331" y="633" width="28" height="48"/>
	<SubTexture name="j lowercase0002" x="375" y="633" width="28" height="48"/>
	<SubTexture name="j lowercase0003" x="375" y="633" width="28" height="48"/>
	<SubTexture name="k lowercase0000" x="419" y="633" width="35" height="48"/>
	<SubTexture name="k lowercase0001" x="419" y="633" width="35" height="48"/>
	<SubTexture name="k lowercase0002" x="470" y="633" width="35" height="48"/>
	<SubTexture name="k lowercase0003" x="470" y="633" width="35" height="48"/>
	<SubTexture name="l lowercase0000" x="521" y="633" width="10" height="48"/>
	<SubTexture name="l lowercase0001" x="521" y="633" width="10" height="48"/>
	<SubTexture name="l lowercase0002" x="547" y="633" width="10" height="48"/>
	<SubTexture name="l lowercase0003" x="547" y="633" width="10" height="48"/>
	<SubTexture name="left arrow0000" x="573" y="633" width="41" height="39"/>
	<SubTexture name="left arrow0001" x="573" y="633" width="41" height="39"/>
	<SubTexture name="left arrow0002" x="630" y="633" width="41" height="39"/>
	<SubTexture name="left arrow0003" x="630" y="633" width="41" height="39"/>
	<SubTexture name="m lowercase0000" x="687" y="633" width="41" height="27"/>
	<SubTexture name="m lowercase0001" x="687" y="633" width="41" height="27"/>
	<SubTexture name="m lowercase0002" x="744" y="633" width="41" height="27"/>
	<SubTexture name="m lowercase0003" x="744" y="633" width="41" height="27"/>
	<SubTexture name="multiply x0000" x="801" y="633" width="34" height="32"/>
	<SubTexture name="multiply x0001" x="801" y="633" width="34" height="32"/>
	<SubTexture name="multiply x0002" x="851" y="633" width="34" height="32"/>
	<SubTexture name="multiply x0003" x="851" y="633" width="34" height="32"/>
	<SubTexture name="n lowercase0000" x="901" y="633" width="27" height="30"/>
	<SubTexture name="n lowercase0001" x="901" y="633" width="27" height="30"/>
	<SubTexture name="n lowercase0002" x="944" y="633" width="27" height="30"/>
	<SubTexture name="n lowercase0003" x="944" y="633" width="27" height="30"/>
	<SubTexture name="o lowercase0000" x="987" y="633" width="30" height="32"/>
	<SubTexture name="o lowercase0001" x="987" y="633" width="30" height="32"/>
	<SubTexture name="o lowercase0002" x="1033" y="633" width="30" height="32"/>
	<SubTexture name="o lowercase0003" x="1033" y="633" width="30" height="32"/>
	<SubTexture name="p lowercase0000" x="1079" y="633" width="28" height="43"/>
	<SubTexture name="p lowercase0001" x="1079" y="633" width="28" height="43"/>
	<SubTexture name="p lowercase0002" x="1123" y="633" width="28" height="43"/>
	<SubTexture name="p lowercase0003" x="1123" y="633" width="28" height="43"/>
	<SubTexture name="period0000" x="1167" y="633" width="14" height="14"/>
	<SubTexture name="period0001" x="1167" y="633" width="14" height="14"/>
	<SubTexture name="period0002" x="1197" y="633" width="14" height="14"/>
	<SubTexture name="period0003" x="1197" y="633" width="14" height="14"/>
	<SubTexture name="q lowercase0000" x="1227" y="633" width="36" height="43"/>
	<SubTexture name="q lowercase0001" x="1227" y="633" width="36" height="43"/>
	<SubTexture name="q lowercase0002" x="1279" y="633" width="36" height="43"/>
	<SubTexture name="q lowercase0003" x="1279" y="633" width="36" height="43"/>
	<SubTexture name="question mark0000" x="1331" y="633" width="39" height="65"/>
	<SubTexture name="question mark0001" x="1331" y="633" width="39" height="65"/>
	<SubTexture name="question mark0002" x="1386" y="633" width="39" height="65"/>
	<SubTexture name="question mark0003" x="1386" y="633" width="39" height="65"/>
	<SubTexture name="r lowercase0000" x="1441" y="633" width="24" height="29"/>
	<SubTexture name="r lowercase0001" x="1441" y="633" width="24" height="29"/>
	<SubTexture name="r lowercase0002" x="1481" y="633" width="24" height="29"/>
	<SubTexture name="r lowercase0003" x="1481" y="633" width="24" height="29"/>
	<SubTexture name="red on model box0000" x="1521" y="633" width="56" height="71"/>
	<SubTexture name="right arrow0000" x="1593" y="633" width="40" height="36"/>
	<SubTexture name="right arrow0001" x="1593" y="633" width="40" height="36"/>
	<SubTexture name="right arrow0002" x="1649" y="633" width="40" height="36"/>
	<SubTexture name="right arrow0003" x="1649" y="633" width="40" height="36"/>
	<SubTexture name="s lowercase0000" x="1705" y="633" width="27" height="35"/>
	<SubTexture name="s lowercase0001" x="1705" y="633" width="27" height="35"/>
	<SubTexture name="s lowercase0002" x="1748" y="633" width="27" height="35"/>
	<SubTexture name="s lowercase0003" x="1748" y="633" width="27" height="35"/>
	<SubTexture name="start parentheses0000" x="1791" y="633" width="31" height="33"/>
	<SubTexture name="start parentheses0001" x="1791" y="633" width="31" height="33"/>
	<SubTexture name="start parentheses0002" x="1838" y="633" width="31" height="32" frameX="0" frameY="0" frameWidth="31" frameHeight="33"/>
	<SubTexture name="start parentheses0003" x="1838" y="633" width="31" height="32" frameX="0" frameY="0" frameWidth="31" frameHeight="33"/>
	<SubTexture name="t lowercase0000" x="1885" y="633" width="28" height="48"/>
	<SubTexture name="t lowercase0001" x="1885" y="633" width="28" height="48"/>
	<SubTexture name="t lowercase0002" x="1929" y="633" width="28" height="48"/>
	<SubTexture name="t lowercase0003" x="1929" y="633" width="28" height="48"/>
	<SubTexture name="u lowercase0000" x="1973" y="633" width="31" height="33"/>
	<SubTexture name="u lowercase0001" x="1973" y="633" width="31" height="33"/>
	<SubTexture name="u lowercase0002" x="16" y="720" width="31" height="33"/>
	<SubTexture name="u lowercase0003" x="16" y="720" width="31" height="33"/>
	<SubTexture name="up arrow0000" x="63" y="720" width="36" height="42"/>
	<SubTexture name="up arrow0001" x="63" y="720" width="36" height="42"/>
	<SubTexture name="up arrow0002" x="115" y="720" width="36" height="42"/>
	<SubTexture name="up arrow0003" x="115" y="720" width="36" height="42"/>
	<SubTexture name="v lowercase0000" x="167" y="720" width="32" height="31"/>
	<SubTexture name="v lowercase0001" x="167" y="720" width="32" height="31"/>
	<SubTexture name="v lowercase0002" x="215" y="720" width="31" height="31" frameX="0" frameY="0" frameWidth="32" frameHeight="31"/>
	<SubTexture name="v lowercase0003" x="215" y="720" width="31" height="31" frameX="0" frameY="0" frameWidth="32" frameHeight="31"/>
	<SubTexture name="w lowercase0000" x="262" y="720" width="42" height="31"/>
	<SubTexture name="w lowercase0001" x="262" y="720" width="42" height="31"/>
	<SubTexture name="w lowercase0002" x="320" y="720" width="42" height="31"/>
	<SubTexture name="w lowercase0003" x="320" y="720" width="42" height="31"/>
	<SubTexture name="x lowercase0000" x="378" y="720" width="33" height="33"/>
	<SubTexture name="x lowercase0001" x="378" y="720" width="33" height="33"/>
	<SubTexture name="x lowercase0002" x="427" y="720" width="33" height="33"/>
	<SubTexture name="x lowercase0003" x="427" y="720" width="33" height="33"/>
	<SubTexture name="y lowercase0000" x="476" y="720" width="35" height="42"/>
	<SubTexture name="y lowercase0001" x="476" y="720" width="35" height="42"/>
	<SubTexture name="y lowercase0002" x="527" y="720" width="35" height="42"/>
	<SubTexture name="y lowercase0003" x="527" y="720" width="35" height="42"/>
	<SubTexture name="z lowercase0000" x="578" y="720" width="38" height="31"/>
	<SubTexture name="z lowercase0001" x="578" y="720" width="38" height="31"/>
	<SubTexture name="z lowercase0002" x="632" y="720" width="37" height="31" frameX="0" frameY="0" frameWidth="38" frameHeight="31"/>
	<SubTexture name="z lowercase0003" x="632" y="720" width="37" height="31" frameX="0" frameY="0" frameWidth="38" frameHeight="31"/>
	<SubTexture name="|0000" x="685" y="720" width="11" height="70"/>
	<SubTexture name="|0001" x="685" y="720" width="11" height="70"/>
	<SubTexture name="|0002" x="712" y="720" width="11" height="69" frameX="0" frameY="0" frameWidth="11" frameHeight="70"/>
	<SubTexture name="|0003" x="712" y="720" width="11" height="69" frameX="0" frameY="0" frameWidth="11" frameHeight="70"/>
	<SubTexture name="~0000" x="739" y="720" width="43" height="21"/>
	<SubTexture name="~0001" x="739" y="720" width="43" height="21"/>
	<SubTexture name="~0002" x="798" y="720" width="43" height="21"/>
	<SubTexture name="~0003" x="798" y="720" width="43" height="21"/>
</TextureAtlas>
