﻿<?xml version="1.0" encoding="utf-8"?>
<TextureAtlas imagePath="noteAssetsNutshell.png">
	<!-- Created with Adobe Animate version 22.0.0.93 -->
	<!-- http://www.adobe.com/products/animate.html -->
	<SubTexture name="arrowDOWN0000" x="16" y="16" width="279" height="279" frameX="60" frameY="60" frameWidth="279" frameHeight="279"/>
	<SubTexture name="arrowLEFT0000" x="16" y="311" width="279" height="279" frameX="60" frameY="60" frameWidth="279" frameHeight="279"/>
	<SubTexture name="arrowRIGHT0000" x="16" y="606" width="279" height="279" frameX="60" frameY="60" frameWidth="279" frameHeight="279"/>
	<SubTexture name="arrowUP0000" x="16" y="901" width="279" height="279" frameX="60" frameY="60" frameWidth="279" frameHeight="279"/>
	<SubTexture name="blue0000" x="16" y="1196" width="279" height="279" frameX="60" frameY="60" frameWidth="279" frameHeight="279"/>
	<SubTexture name="blue hold end0000" x="1196" y="1196" width="51" height="66" frameX="60" frameY="0" frameWidth="51" frameHeight="66"/>
	<SubTexture name="blue hold piece0000" x="1196" y="1278" width="51" height="45" frameX="60" frameY="0" frameWidth="51" frameHeight="45"/>
	<SubTexture name="down confirm0000" x="16" y="1491" width="279" height="279" frameX="60" frameY="60" frameWidth="279" frameHeight="279"/>
	<SubTexture name="down confirm0001" x="311" y="16" width="279" height="279" frameX="60" frameY="60" frameWidth="279" frameHeight="279"/>
	<SubTexture name="down confirm0002" x="311" y="311" width="279" height="279" frameX="60" frameY="60" frameWidth="279" frameHeight="279"/>
	<SubTexture name="down confirm0003" x="311" y="311" width="279" height="279" frameX="60" frameY="60" frameWidth="279" frameHeight="279"/>
	<SubTexture name="down press0000" x="311" y="606" width="279" height="279" frameX="60" frameY="60" frameWidth="279" frameHeight="279"/>
	<SubTexture name="down press0001" x="311" y="606" width="279" height="279" frameX="60" frameY="60" frameWidth="279" frameHeight="279"/>
	<SubTexture name="down press0002" x="311" y="901" width="279" height="279" frameX="60" frameY="60" frameWidth="279" frameHeight="279"/>
	<SubTexture name="down press0003" x="311" y="901" width="279" height="279" frameX="60" frameY="60" frameWidth="279" frameHeight="279"/>
	<SubTexture name="green0000" x="311" y="1196" width="279" height="279" frameX="60" frameY="60" frameWidth="279" frameHeight="279"/>
	<SubTexture name="green hold end0000" x="1263" y="1196" width="51" height="66" frameX="60" frameY="0" frameWidth="51" frameHeight="66"/>
	<SubTexture name="green hold piece0000" x="1263" y="1278" width="51" height="45" frameX="60" frameY="0" frameWidth="51" frameHeight="45"/>
	<SubTexture name="left confirm0000" x="311" y="1491" width="279" height="279" frameX="60" frameY="60" frameWidth="279" frameHeight="279"/>
	<SubTexture name="left confirm0001" x="606" y="16" width="279" height="279" frameX="60" frameY="60" frameWidth="279" frameHeight="279"/>
	<SubTexture name="left confirm0002" x="606" y="311" width="279" height="279" frameX="60" frameY="60" frameWidth="279" frameHeight="279"/>
	<SubTexture name="left confirm0003" x="606" y="311" width="279" height="279" frameX="60" frameY="60" frameWidth="279" frameHeight="279"/>
	<SubTexture name="left press0000" x="606" y="606" width="279" height="279" frameX="60" frameY="60" frameWidth="279" frameHeight="279"/>
	<SubTexture name="left press0001" x="606" y="606" width="279" height="279" frameX="60" frameY="60" frameWidth="279" frameHeight="279"/>
	<SubTexture name="left press0002" x="606" y="901" width="279" height="279" frameX="60" frameY="60" frameWidth="279" frameHeight="279"/>
	<SubTexture name="left press0003" x="606" y="901" width="279" height="279" frameX="60" frameY="60" frameWidth="279" frameHeight="279"/>
	<SubTexture name="pruple end hold0000" x="1330" y="1196" width="51" height="66" frameX="60" frameY="0" frameWidth="51" frameHeight="66"/>
	<SubTexture name="purple0000" x="606" y="1196" width="279" height="279" frameX="60" frameY="60" frameWidth="279" frameHeight="279"/>
	<SubTexture name="purple hold piece0000" x="1330" y="1278" width="51" height="45" frameX="60" frameY="0" frameWidth="51" frameHeight="45"/>
	<SubTexture name="red0000" x="606" y="1491" width="279" height="279" frameX="60" frameY="60" frameWidth="279" frameHeight="279"/>
	<SubTexture name="red hold end0000" x="1397" y="1196" width="51" height="66" frameX="60" frameY="0" frameWidth="51" frameHeight="66"/>
	<SubTexture name="red hold piece0000" x="1397" y="1278" width="51" height="45" frameX="60" frameY="0" frameWidth="51" frameHeight="45"/>
	<SubTexture name="right confirm0000" x="901" y="16" width="279" height="279" frameX="60" frameY="60" frameWidth="279" frameHeight="279"/>
	<SubTexture name="right confirm0001" x="901" y="311" width="279" height="279" frameX="60" frameY="60" frameWidth="279" frameHeight="279"/>
	<SubTexture name="right confirm0002" x="901" y="606" width="279" height="279" frameX="60" frameY="60" frameWidth="279" frameHeight="279"/>
	<SubTexture name="right confirm0003" x="901" y="606" width="279" height="279" frameX="60" frameY="60" frameWidth="279" frameHeight="279"/>
	<SubTexture name="right press0000" x="901" y="901" width="279" height="279" frameX="60" frameY="60" frameWidth="279" frameHeight="279"/>
	<SubTexture name="right press0001" x="901" y="901" width="279" height="279" frameX="60" frameY="60" frameWidth="279" frameHeight="279"/>
	<SubTexture name="right press0002" x="901" y="1196" width="279" height="279" frameX="60" frameY="60" frameWidth="279" frameHeight="279"/>
	<SubTexture name="right press0003" x="901" y="1196" width="279" height="279" frameX="60" frameY="60" frameWidth="279" frameHeight="279"/>
	<SubTexture name="up confirm0000" x="901" y="1491" width="279" height="279" frameX="60" frameY="60" frameWidth="279" frameHeight="279"/>
	<SubTexture name="up confirm0001" x="1196" y="16" width="279" height="279" frameX="60" frameY="60" frameWidth="279" frameHeight="279"/>
	<SubTexture name="up confirm0002" x="1196" y="311" width="279" height="279" frameX="60" frameY="60" frameWidth="279" frameHeight="279"/>
	<SubTexture name="up confirm0003" x="1196" y="311" width="279" height="279" frameX="60" frameY="60" frameWidth="279" frameHeight="279"/>
	<SubTexture name="up press0000" x="1196" y="606" width="279" height="279" frameX="60" frameY="60" frameWidth="279" frameHeight="279"/>
	<SubTexture name="up press0001" x="1196" y="606" width="279" height="279" frameX="60" frameY="60" frameWidth="279" frameHeight="279"/>
	<SubTexture name="up press0002" x="1196" y="901" width="279" height="279" frameX="60" frameY="60" frameWidth="279" frameHeight="279"/>
	<SubTexture name="up press0003" x="1196" y="901" width="279" height="279" frameX="60" frameY="60" frameWidth="279" frameHeight="279"/>
</TextureAtlas>
