﻿<?xml version="1.0" encoding="utf-8"?>
<TextureAtlas imagePath="Adam.png">
	<!-- Created with Adobe Animate version 21.0.9.42677 -->
	<!-- http://www.adobe.com/products/animate.html -->
	<SubTexture name="Adam Idle0000" x="0" y="0" width="367" height="853" frameX="0" frameY="-21" frameWidth="367" frameHeight="874"/>
	<SubTexture name="Adam Idle0001" x="367" y="0" width="367" height="863" frameX="0" frameY="-10" frameWidth="367" frameHeight="874"/>
	<SubTexture name="Adam Idle0002" x="734" y="0" width="367" height="870" frameX="0" frameY="-3" frameWidth="367" frameHeight="874"/>
	<SubTexture name="Adam Idle0003" x="734" y="0" width="367" height="870" frameX="0" frameY="-3" frameWidth="367" frameHeight="874"/>
	<SubTexture name="Adam Idle0004" x="1101" y="0" width="367" height="873" frameX="0" frameY="0" frameWidth="367" frameHeight="874"/>
	<SubTexture name="Adam Idle0005" x="1101" y="0" width="367" height="873" frameX="0" frameY="0" frameWidth="367" frameHeight="874"/>
	<SubTexture name="Adam Idle0006" x="1468" y="0" width="367" height="873" frameX="0" frameY="0" frameWidth="367" frameHeight="874"/>
	<SubTexture name="Adam Idle0007" x="1468" y="0" width="367" height="873" frameX="0" frameY="0" frameWidth="367" frameHeight="874"/>
	<SubTexture name="Adam Idle0008" x="1468" y="0" width="367" height="873" frameX="0" frameY="0" frameWidth="367" frameHeight="874"/>
	<SubTexture name="Adam Idle0009" x="1468" y="0" width="367" height="873" frameX="0" frameY="0" frameWidth="367" frameHeight="874"/>
	<SubTexture name="Adam Idle0010" x="1468" y="0" width="367" height="873" frameX="0" frameY="0" frameWidth="367" frameHeight="874"/>
	<SubTexture name="Adam Idle0011" x="1468" y="0" width="367" height="873" frameX="0" frameY="0" frameWidth="367" frameHeight="874"/>
	<SubTexture name="Adam Idle0012" x="1468" y="0" width="367" height="873" frameX="0" frameY="0" frameWidth="367" frameHeight="874"/>
	<SubTexture name="Adam Idle0013" x="1468" y="0" width="367" height="873" frameX="0" frameY="0" frameWidth="367" frameHeight="874"/>
	<SubTexture name="Adam Miss Down0000" x="1835" y="0" width="697" height="825"/>
	<SubTexture name="Adam Miss Down0001" x="1835" y="0" width="697" height="825"/>
	<SubTexture name="Adam Miss Down0002" x="2532" y="0" width="697" height="808" frameX="0" frameY="-16" frameWidth="697" frameHeight="825"/>
	<SubTexture name="Adam Miss Down0003" x="2532" y="0" width="697" height="808" frameX="0" frameY="-16" frameWidth="697" frameHeight="825"/>
	<SubTexture name="Adam Miss Down0004" x="2532" y="0" width="697" height="808" frameX="0" frameY="-16" frameWidth="697" frameHeight="825"/>
	<SubTexture name="Adam Miss Down0005" x="2532" y="0" width="697" height="808" frameX="0" frameY="-16" frameWidth="697" frameHeight="825"/>
	<SubTexture name="Adam Miss Down0006" x="2532" y="0" width="697" height="808" frameX="0" frameY="-16" frameWidth="697" frameHeight="825"/>
	<SubTexture name="Adam Miss Down0007" x="2532" y="0" width="697" height="808" frameX="0" frameY="-16" frameWidth="697" frameHeight="825"/>
	<SubTexture name="Adam Miss Down0008" x="2532" y="0" width="697" height="808" frameX="0" frameY="-16" frameWidth="697" frameHeight="825"/>
	<SubTexture name="Adam Miss Down0009" x="2532" y="0" width="697" height="808" frameX="0" frameY="-16" frameWidth="697" frameHeight="825"/>
	<SubTexture name="Adam Miss Down0010" x="2532" y="0" width="697" height="808" frameX="0" frameY="-16" frameWidth="697" frameHeight="825"/>
	<SubTexture name="Adam Miss Down0011" x="2532" y="0" width="697" height="808" frameX="0" frameY="-16" frameWidth="697" frameHeight="825"/>
	<SubTexture name="Adam Miss Down0012" x="2532" y="0" width="697" height="808" frameX="0" frameY="-16" frameWidth="697" frameHeight="825"/>
	<SubTexture name="Adam Miss Down0013" x="2532" y="0" width="697" height="808" frameX="0" frameY="-16" frameWidth="697" frameHeight="825"/>
	<SubTexture name="Adam Miss Down0014" x="2532" y="0" width="697" height="808" frameX="0" frameY="-16" frameWidth="697" frameHeight="825"/>
	<SubTexture name="Adam Miss Down0015" x="2532" y="0" width="697" height="808" frameX="0" frameY="-16" frameWidth="697" frameHeight="825"/>
	<SubTexture name="Adam Miss Down0016" x="2532" y="0" width="697" height="808" frameX="0" frameY="-16" frameWidth="697" frameHeight="825"/>
	<SubTexture name="Adam Miss Down0017" x="2532" y="0" width="697" height="808" frameX="0" frameY="-16" frameWidth="697" frameHeight="825"/>
	<SubTexture name="Adam Miss Down0018" x="2532" y="0" width="697" height="808" frameX="0" frameY="-16" frameWidth="697" frameHeight="825"/>
	<SubTexture name="Adam Miss Down0019" x="2532" y="0" width="697" height="808" frameX="0" frameY="-16" frameWidth="697" frameHeight="825"/>
	<SubTexture name="Adam Miss Down0020" x="2532" y="0" width="697" height="808" frameX="0" frameY="-16" frameWidth="697" frameHeight="825"/>
	<SubTexture name="Adam Miss Down0021" x="2532" y="0" width="697" height="808" frameX="0" frameY="-16" frameWidth="697" frameHeight="825"/>
	<SubTexture name="Adam Miss Down0022" x="2532" y="0" width="697" height="808" frameX="0" frameY="-16" frameWidth="697" frameHeight="825"/>
	<SubTexture name="Adam Miss Down0023" x="2532" y="0" width="697" height="808" frameX="0" frameY="-16" frameWidth="697" frameHeight="825"/>
	<SubTexture name="Adam Miss Down0024" x="2532" y="0" width="697" height="808" frameX="0" frameY="-16" frameWidth="697" frameHeight="825"/>
	<SubTexture name="Adam Miss Down0025" x="2532" y="0" width="697" height="808" frameX="0" frameY="-16" frameWidth="697" frameHeight="825"/>
	<SubTexture name="Adam Miss Down0026" x="2532" y="0" width="697" height="808" frameX="0" frameY="-16" frameWidth="697" frameHeight="825"/>
	<SubTexture name="Adam Miss Down0027" x="2532" y="0" width="697" height="808" frameX="0" frameY="-16" frameWidth="697" frameHeight="825"/>
	<SubTexture name="Adam Miss Down0028" x="2532" y="0" width="697" height="808" frameX="0" frameY="-16" frameWidth="697" frameHeight="825"/>
	<SubTexture name="Adam Miss Down0029" x="2532" y="0" width="697" height="808" frameX="0" frameY="-16" frameWidth="697" frameHeight="825"/>
	<SubTexture name="Adam Miss Down0030" x="2532" y="0" width="697" height="808" frameX="0" frameY="-16" frameWidth="697" frameHeight="825"/>
	<SubTexture name="Adam Miss Down0031" x="2532" y="0" width="697" height="808" frameX="0" frameY="-16" frameWidth="697" frameHeight="825"/>
	<SubTexture name="Adam Miss Down0032" x="2532" y="0" width="697" height="808" frameX="0" frameY="-16" frameWidth="697" frameHeight="825"/>
	<SubTexture name="Adam Miss Down0033" x="2532" y="0" width="697" height="808" frameX="0" frameY="-16" frameWidth="697" frameHeight="825"/>
	<SubTexture name="Adam Miss Left0000" x="3229" y="0" width="466" height="854" frameX="-15" frameY="0" frameWidth="481" frameHeight="854"/>
	<SubTexture name="Adam Miss Left0001" x="3229" y="0" width="466" height="854" frameX="-15" frameY="0" frameWidth="481" frameHeight="854"/>
	<SubTexture name="Adam Miss Left0002" x="0" y="873" width="475" height="854" frameX="0" frameY="0" frameWidth="481" frameHeight="854"/>
	<SubTexture name="Adam Miss Left0003" x="0" y="873" width="475" height="854" frameX="0" frameY="0" frameWidth="481" frameHeight="854"/>
	<SubTexture name="Adam Miss Left0004" x="0" y="873" width="475" height="854" frameX="0" frameY="0" frameWidth="481" frameHeight="854"/>
	<SubTexture name="Adam Miss Left0005" x="0" y="873" width="475" height="854" frameX="0" frameY="0" frameWidth="481" frameHeight="854"/>
	<SubTexture name="Adam Miss Left0006" x="0" y="873" width="475" height="854" frameX="0" frameY="0" frameWidth="481" frameHeight="854"/>
	<SubTexture name="Adam Miss Left0007" x="0" y="873" width="475" height="854" frameX="0" frameY="0" frameWidth="481" frameHeight="854"/>
	<SubTexture name="Adam Miss Left0008" x="0" y="873" width="475" height="854" frameX="0" frameY="0" frameWidth="481" frameHeight="854"/>
	<SubTexture name="Adam Miss Left0009" x="0" y="873" width="475" height="854" frameX="0" frameY="0" frameWidth="481" frameHeight="854"/>
	<SubTexture name="Adam Miss Left0010" x="0" y="873" width="475" height="854" frameX="0" frameY="0" frameWidth="481" frameHeight="854"/>
	<SubTexture name="Adam Miss Left0011" x="0" y="873" width="475" height="854" frameX="0" frameY="0" frameWidth="481" frameHeight="854"/>
	<SubTexture name="Adam Miss Left0012" x="0" y="873" width="475" height="854" frameX="0" frameY="0" frameWidth="481" frameHeight="854"/>
	<SubTexture name="Adam Miss Left0013" x="0" y="873" width="475" height="854" frameX="0" frameY="0" frameWidth="481" frameHeight="854"/>
	<SubTexture name="Adam Miss Left0014" x="0" y="873" width="475" height="854" frameX="0" frameY="0" frameWidth="481" frameHeight="854"/>
	<SubTexture name="Adam Miss Left0015" x="0" y="873" width="475" height="854" frameX="0" frameY="0" frameWidth="481" frameHeight="854"/>
	<SubTexture name="Adam Miss Left0016" x="0" y="873" width="475" height="854" frameX="0" frameY="0" frameWidth="481" frameHeight="854"/>
	<SubTexture name="Adam Miss Left0017" x="0" y="873" width="475" height="854" frameX="0" frameY="0" frameWidth="481" frameHeight="854"/>
	<SubTexture name="Adam Miss Left0018" x="0" y="873" width="475" height="854" frameX="0" frameY="0" frameWidth="481" frameHeight="854"/>
	<SubTexture name="Adam Miss Left0019" x="0" y="873" width="475" height="854" frameX="0" frameY="0" frameWidth="481" frameHeight="854"/>
	<SubTexture name="Adam Miss Left0020" x="0" y="873" width="475" height="854" frameX="0" frameY="0" frameWidth="481" frameHeight="854"/>
	<SubTexture name="Adam Miss Left0021" x="0" y="873" width="475" height="854" frameX="0" frameY="0" frameWidth="481" frameHeight="854"/>
	<SubTexture name="Adam Miss Left0022" x="0" y="873" width="475" height="854" frameX="0" frameY="0" frameWidth="481" frameHeight="854"/>
	<SubTexture name="Adam Miss Left0023" x="0" y="873" width="475" height="854" frameX="0" frameY="0" frameWidth="481" frameHeight="854"/>
	<SubTexture name="Adam Miss Left0024" x="0" y="873" width="475" height="854" frameX="0" frameY="0" frameWidth="481" frameHeight="854"/>
	<SubTexture name="Adam Miss Left0025" x="0" y="873" width="475" height="854" frameX="0" frameY="0" frameWidth="481" frameHeight="854"/>
	<SubTexture name="Adam Miss Left0026" x="0" y="873" width="475" height="854" frameX="0" frameY="0" frameWidth="481" frameHeight="854"/>
	<SubTexture name="Adam Miss Left0027" x="0" y="873" width="475" height="854" frameX="0" frameY="0" frameWidth="481" frameHeight="854"/>
	<SubTexture name="Adam Miss Left0028" x="0" y="873" width="475" height="854" frameX="0" frameY="0" frameWidth="481" frameHeight="854"/>
	<SubTexture name="Adam Miss Left0029" x="0" y="873" width="475" height="854" frameX="0" frameY="0" frameWidth="481" frameHeight="854"/>
	<SubTexture name="Adam Miss Left0030" x="0" y="873" width="475" height="854" frameX="0" frameY="0" frameWidth="481" frameHeight="854"/>
	<SubTexture name="Adam Miss Left0031" x="0" y="873" width="475" height="854" frameX="0" frameY="0" frameWidth="481" frameHeight="854"/>
	<SubTexture name="Adam Miss Left0032" x="0" y="873" width="475" height="854" frameX="0" frameY="0" frameWidth="481" frameHeight="854"/>
	<SubTexture name="Adam Miss Left0033" x="0" y="873" width="475" height="854" frameX="0" frameY="0" frameWidth="481" frameHeight="854"/>
	<SubTexture name="Adam Miss Right0000" x="475" y="873" width="416" height="869" frameX="0" frameY="0" frameWidth="420" frameHeight="869"/>
	<SubTexture name="Adam Miss Right0001" x="475" y="873" width="416" height="869" frameX="0" frameY="0" frameWidth="420" frameHeight="869"/>
	<SubTexture name="Adam Miss Right0002" x="891" y="873" width="407" height="869" frameX="-13" frameY="0" frameWidth="420" frameHeight="869"/>
	<SubTexture name="Adam Miss Right0003" x="891" y="873" width="407" height="869" frameX="-13" frameY="0" frameWidth="420" frameHeight="869"/>
	<SubTexture name="Adam Miss Right0004" x="891" y="873" width="407" height="869" frameX="-13" frameY="0" frameWidth="420" frameHeight="869"/>
	<SubTexture name="Adam Miss Right0005" x="891" y="873" width="407" height="869" frameX="-13" frameY="0" frameWidth="420" frameHeight="869"/>
	<SubTexture name="Adam Miss Right0006" x="891" y="873" width="407" height="869" frameX="-13" frameY="0" frameWidth="420" frameHeight="869"/>
	<SubTexture name="Adam Miss Right0007" x="891" y="873" width="407" height="869" frameX="-13" frameY="0" frameWidth="420" frameHeight="869"/>
	<SubTexture name="Adam Miss Right0008" x="891" y="873" width="407" height="869" frameX="-13" frameY="0" frameWidth="420" frameHeight="869"/>
	<SubTexture name="Adam Miss Right0009" x="891" y="873" width="407" height="869" frameX="-13" frameY="0" frameWidth="420" frameHeight="869"/>
	<SubTexture name="Adam Miss Right0010" x="891" y="873" width="407" height="869" frameX="-13" frameY="0" frameWidth="420" frameHeight="869"/>
	<SubTexture name="Adam Miss Right0011" x="891" y="873" width="407" height="869" frameX="-13" frameY="0" frameWidth="420" frameHeight="869"/>
	<SubTexture name="Adam Miss Right0012" x="891" y="873" width="407" height="869" frameX="-13" frameY="0" frameWidth="420" frameHeight="869"/>
	<SubTexture name="Adam Miss Right0013" x="891" y="873" width="407" height="869" frameX="-13" frameY="0" frameWidth="420" frameHeight="869"/>
	<SubTexture name="Adam Miss Right0014" x="891" y="873" width="407" height="869" frameX="-13" frameY="0" frameWidth="420" frameHeight="869"/>
	<SubTexture name="Adam Miss Right0015" x="891" y="873" width="407" height="869" frameX="-13" frameY="0" frameWidth="420" frameHeight="869"/>
	<SubTexture name="Adam Miss Right0016" x="891" y="873" width="407" height="869" frameX="-13" frameY="0" frameWidth="420" frameHeight="869"/>
	<SubTexture name="Adam Miss Right0017" x="891" y="873" width="407" height="869" frameX="-13" frameY="0" frameWidth="420" frameHeight="869"/>
	<SubTexture name="Adam Miss Right0018" x="891" y="873" width="407" height="869" frameX="-13" frameY="0" frameWidth="420" frameHeight="869"/>
	<SubTexture name="Adam Miss Right0019" x="891" y="873" width="407" height="869" frameX="-13" frameY="0" frameWidth="420" frameHeight="869"/>
	<SubTexture name="Adam Miss Right0020" x="891" y="873" width="407" height="869" frameX="-13" frameY="0" frameWidth="420" frameHeight="869"/>
	<SubTexture name="Adam Miss Right0021" x="891" y="873" width="407" height="869" frameX="-13" frameY="0" frameWidth="420" frameHeight="869"/>
	<SubTexture name="Adam Miss Right0022" x="891" y="873" width="407" height="869" frameX="-13" frameY="0" frameWidth="420" frameHeight="869"/>
	<SubTexture name="Adam Miss Right0023" x="891" y="873" width="407" height="869" frameX="-13" frameY="0" frameWidth="420" frameHeight="869"/>
	<SubTexture name="Adam Miss Right0024" x="891" y="873" width="407" height="869" frameX="-13" frameY="0" frameWidth="420" frameHeight="869"/>
	<SubTexture name="Adam Miss Right0025" x="891" y="873" width="407" height="869" frameX="-13" frameY="0" frameWidth="420" frameHeight="869"/>
	<SubTexture name="Adam Miss Right0026" x="891" y="873" width="407" height="869" frameX="-13" frameY="0" frameWidth="420" frameHeight="869"/>
	<SubTexture name="Adam Miss Right0027" x="891" y="873" width="407" height="869" frameX="-13" frameY="0" frameWidth="420" frameHeight="869"/>
	<SubTexture name="Adam Miss Right0028" x="891" y="873" width="407" height="869" frameX="-13" frameY="0" frameWidth="420" frameHeight="869"/>
	<SubTexture name="Adam Miss Right0029" x="891" y="873" width="407" height="869" frameX="-13" frameY="0" frameWidth="420" frameHeight="869"/>
	<SubTexture name="Adam Miss Right0030" x="891" y="873" width="407" height="869" frameX="-13" frameY="0" frameWidth="420" frameHeight="869"/>
	<SubTexture name="Adam Miss Right0031" x="891" y="873" width="407" height="869" frameX="-13" frameY="0" frameWidth="420" frameHeight="869"/>
	<SubTexture name="Adam Miss Right0032" x="891" y="873" width="407" height="869" frameX="-13" frameY="0" frameWidth="420" frameHeight="869"/>
	<SubTexture name="Adam Miss Right0033" x="891" y="873" width="407" height="869" frameX="-13" frameY="0" frameWidth="420" frameHeight="869"/>
	<SubTexture name="Adam Miss Up0000" x="1298" y="873" width="407" height="877" frameX="0" frameY="-18" frameWidth="407" frameHeight="896"/>
	<SubTexture name="Adam Miss Up0001" x="1298" y="873" width="407" height="877" frameX="0" frameY="-18" frameWidth="407" frameHeight="896"/>
	<SubTexture name="Adam Miss Up0002" x="1705" y="873" width="407" height="896"/>
	<SubTexture name="Adam Miss Up0003" x="1705" y="873" width="407" height="896"/>
	<SubTexture name="Adam Miss Up0004" x="1705" y="873" width="407" height="896"/>
	<SubTexture name="Adam Miss Up0005" x="1705" y="873" width="407" height="896"/>
	<SubTexture name="Adam Miss Up0006" x="1705" y="873" width="407" height="896"/>
	<SubTexture name="Adam Miss Up0007" x="1705" y="873" width="407" height="896"/>
	<SubTexture name="Adam Miss Up0008" x="1705" y="873" width="407" height="896"/>
	<SubTexture name="Adam Miss Up0009" x="1705" y="873" width="407" height="896"/>
	<SubTexture name="Adam Miss Up0010" x="1705" y="873" width="407" height="896"/>
	<SubTexture name="Adam Miss Up0011" x="1705" y="873" width="407" height="896"/>
	<SubTexture name="Adam Miss Up0012" x="1705" y="873" width="407" height="896"/>
	<SubTexture name="Adam Miss Up0013" x="1705" y="873" width="407" height="896"/>
	<SubTexture name="Adam Miss Up0014" x="1705" y="873" width="407" height="896"/>
	<SubTexture name="Adam Miss Up0015" x="1705" y="873" width="407" height="896"/>
	<SubTexture name="Adam Miss Up0016" x="1705" y="873" width="407" height="896"/>
	<SubTexture name="Adam Miss Up0017" x="1705" y="873" width="407" height="896"/>
	<SubTexture name="Adam Miss Up0018" x="1705" y="873" width="407" height="896"/>
	<SubTexture name="Adam Miss Up0019" x="1705" y="873" width="407" height="896"/>
	<SubTexture name="Adam Miss Up0020" x="1705" y="873" width="407" height="896"/>
	<SubTexture name="Adam Miss Up0021" x="1705" y="873" width="407" height="896"/>
	<SubTexture name="Adam Miss Up0022" x="1705" y="873" width="407" height="896"/>
	<SubTexture name="Adam Miss Up0023" x="1705" y="873" width="407" height="896"/>
	<SubTexture name="Adam Miss Up0024" x="1705" y="873" width="407" height="896"/>
	<SubTexture name="Adam Miss Up0025" x="1705" y="873" width="407" height="896"/>
	<SubTexture name="Adam Miss Up0026" x="1705" y="873" width="407" height="896"/>
	<SubTexture name="Adam Miss Up0027" x="1705" y="873" width="407" height="896"/>
	<SubTexture name="Adam Miss Up0028" x="1705" y="873" width="407" height="896"/>
	<SubTexture name="Adam Miss Up0029" x="1705" y="873" width="407" height="896"/>
	<SubTexture name="Adam Miss Up0030" x="1705" y="873" width="407" height="896"/>
	<SubTexture name="Adam Miss Up0031" x="1705" y="873" width="407" height="896"/>
	<SubTexture name="Adam Miss Up0032" x="1705" y="873" width="407" height="896"/>
	<SubTexture name="Adam Miss Up0033" x="1705" y="873" width="407" height="896"/>
	<SubTexture name="Adam Sing Down0000" x="2112" y="873" width="491" height="789" frameX="-30" frameY="-52" frameWidth="521" frameHeight="842"/>
	<SubTexture name="Adam Sing Down0001" x="2603" y="873" width="491" height="813" frameX="-25" frameY="-29" frameWidth="521" frameHeight="842"/>
	<SubTexture name="Adam Sing Down0002" x="3094" y="873" width="493" height="841" frameX="-7" frameY="0" frameWidth="521" frameHeight="842"/>
	<SubTexture name="Adam Sing Down0003" x="3587" y="873" width="473" height="841" frameX="0" frameY="0" frameWidth="521" frameHeight="842"/>
	<SubTexture name="Adam Sing Down0004" x="0" y="1769" width="477" height="841" frameX="0" frameY="0" frameWidth="521" frameHeight="842"/>
	<SubTexture name="Adam Sing Down0005" x="477" y="1769" width="482" height="841" frameX="0" frameY="0" frameWidth="521" frameHeight="842"/>
	<SubTexture name="Adam Sing Down0006" x="477" y="1769" width="482" height="841" frameX="0" frameY="0" frameWidth="521" frameHeight="842"/>
	<SubTexture name="Adam Sing Down0007" x="477" y="1769" width="482" height="841" frameX="0" frameY="0" frameWidth="521" frameHeight="842"/>
	<SubTexture name="Adam Sing Down0008" x="477" y="1769" width="482" height="841" frameX="0" frameY="0" frameWidth="521" frameHeight="842"/>
	<SubTexture name="Adam Sing Down0009" x="477" y="1769" width="482" height="841" frameX="0" frameY="0" frameWidth="521" frameHeight="842"/>
	<SubTexture name="Adam Sing Down0010" x="477" y="1769" width="482" height="841" frameX="0" frameY="0" frameWidth="521" frameHeight="842"/>
	<SubTexture name="Adam Sing Down0011" x="477" y="1769" width="482" height="841" frameX="0" frameY="0" frameWidth="521" frameHeight="842"/>
	<SubTexture name="Adam Sing Down0012" x="477" y="1769" width="482" height="841" frameX="0" frameY="0" frameWidth="521" frameHeight="842"/>
	<SubTexture name="Adam Sing Down0013" x="477" y="1769" width="482" height="841" frameX="0" frameY="0" frameWidth="521" frameHeight="842"/>
	<SubTexture name="Adam Sing Down0014" x="477" y="1769" width="482" height="841" frameX="0" frameY="0" frameWidth="521" frameHeight="842"/>
	<SubTexture name="Adam Sing Left0000" x="959" y="1769" width="532" height="860" frameX="0" frameY="0" frameWidth="536" frameHeight="860"/>
	<SubTexture name="Adam Sing Left0001" x="1491" y="1769" width="517" height="860" frameX="-19" frameY="0" frameWidth="536" frameHeight="860"/>
	<SubTexture name="Adam Sing Left0002" x="2008" y="1769" width="499" height="860" frameX="-18" frameY="0" frameWidth="536" frameHeight="860"/>
	<SubTexture name="Adam Sing Left0003" x="2507" y="1769" width="462" height="860" frameX="-13" frameY="0" frameWidth="536" frameHeight="860"/>
	<SubTexture name="Adam Sing Left0004" x="2969" y="1769" width="467" height="860" frameX="-13" frameY="0" frameWidth="536" frameHeight="860"/>
	<SubTexture name="Adam Sing Left0005" x="3436" y="1769" width="475" height="860" frameX="-13" frameY="0" frameWidth="536" frameHeight="860"/>
	<SubTexture name="Adam Sing Left0006" x="3436" y="1769" width="475" height="860" frameX="-13" frameY="0" frameWidth="536" frameHeight="860"/>
	<SubTexture name="Adam Sing Left0007" x="3436" y="1769" width="475" height="860" frameX="-13" frameY="0" frameWidth="536" frameHeight="860"/>
	<SubTexture name="Adam Sing Left0008" x="3436" y="1769" width="475" height="860" frameX="-13" frameY="0" frameWidth="536" frameHeight="860"/>
	<SubTexture name="Adam Sing Left0009" x="3436" y="1769" width="475" height="860" frameX="-13" frameY="0" frameWidth="536" frameHeight="860"/>
	<SubTexture name="Adam Sing Left0010" x="3436" y="1769" width="475" height="860" frameX="-13" frameY="0" frameWidth="536" frameHeight="860"/>
	<SubTexture name="Adam Sing Left0011" x="3436" y="1769" width="475" height="860" frameX="-13" frameY="0" frameWidth="536" frameHeight="860"/>
	<SubTexture name="Adam Sing Left0012" x="3436" y="1769" width="475" height="860" frameX="-13" frameY="0" frameWidth="536" frameHeight="860"/>
	<SubTexture name="Adam Sing Left0013" x="3436" y="1769" width="475" height="860" frameX="-13" frameY="0" frameWidth="536" frameHeight="860"/>
	<SubTexture name="Adam Sing Left0014" x="3436" y="1769" width="475" height="860" frameX="-13" frameY="0" frameWidth="536" frameHeight="860"/>
	<SubTexture name="Adam Sing Right0000" x="0" y="2629" width="406" height="869" frameX="-41" frameY="0" frameWidth="447" frameHeight="869"/>
	<SubTexture name="Adam Sing Right0001" x="406" y="2629" width="391" height="869" frameX="-28" frameY="0" frameWidth="447" frameHeight="869"/>
	<SubTexture name="Adam Sing Right0002" x="797" y="2629" width="409" height="869" frameX="-4" frameY="0" frameWidth="447" frameHeight="869"/>
	<SubTexture name="Adam Sing Right0003" x="1206" y="2629" width="433" height="869" frameX="0" frameY="0" frameWidth="447" frameHeight="869"/>
	<SubTexture name="Adam Sing Right0004" x="1639" y="2629" width="420" height="869" frameX="0" frameY="0" frameWidth="447" frameHeight="869"/>
	<SubTexture name="Adam Sing Right0005" x="2059" y="2629" width="407" height="869" frameX="0" frameY="0" frameWidth="447" frameHeight="869"/>
	<SubTexture name="Adam Sing Right0006" x="2059" y="2629" width="407" height="869" frameX="0" frameY="0" frameWidth="447" frameHeight="869"/>
	<SubTexture name="Adam Sing Right0007" x="2059" y="2629" width="407" height="869" frameX="0" frameY="0" frameWidth="447" frameHeight="869"/>
	<SubTexture name="Adam Sing Right0008" x="2059" y="2629" width="407" height="869" frameX="0" frameY="0" frameWidth="447" frameHeight="869"/>
	<SubTexture name="Adam Sing Right0009" x="2059" y="2629" width="407" height="869" frameX="0" frameY="0" frameWidth="447" frameHeight="869"/>
	<SubTexture name="Adam Sing Right0010" x="2059" y="2629" width="407" height="869" frameX="0" frameY="0" frameWidth="447" frameHeight="869"/>
	<SubTexture name="Adam Sing Right0011" x="2059" y="2629" width="407" height="869" frameX="0" frameY="0" frameWidth="447" frameHeight="869"/>
	<SubTexture name="Adam Sing Right0012" x="2059" y="2629" width="407" height="869" frameX="0" frameY="0" frameWidth="447" frameHeight="869"/>
	<SubTexture name="Adam Sing Right0013" x="2059" y="2629" width="407" height="869" frameX="0" frameY="0" frameWidth="447" frameHeight="869"/>
	<SubTexture name="Adam Sing Right0014" x="2059" y="2629" width="407" height="869" frameX="0" frameY="0" frameWidth="447" frameHeight="869"/>
	<SubTexture name="Adam Sing Up0000" x="2466" y="2629" width="383" height="939" frameX="-24" frameY="0" frameWidth="407" frameHeight="939"/>
	<SubTexture name="Adam Sing Up0001" x="2849" y="2629" width="388" height="925" frameX="-19" frameY="-14" frameWidth="407" frameHeight="939"/>
	<SubTexture name="Adam Sing Up0002" x="3237" y="2629" width="402" height="899" frameX="-5" frameY="-40" frameWidth="407" frameHeight="939"/>
	<SubTexture name="Adam Sing Up0003" x="3639" y="2629" width="407" height="896" frameX="0" frameY="-43" frameWidth="407" frameHeight="939"/>
	<SubTexture name="Adam Sing Up0004" x="3639" y="2629" width="407" height="896" frameX="0" frameY="-43" frameWidth="407" frameHeight="939"/>
	<SubTexture name="Adam Sing Up0005" x="3639" y="2629" width="407" height="896" frameX="0" frameY="-43" frameWidth="407" frameHeight="939"/>
	<SubTexture name="Adam Sing Up0006" x="3639" y="2629" width="407" height="896" frameX="0" frameY="-43" frameWidth="407" frameHeight="939"/>
	<SubTexture name="Adam Sing Up0007" x="3639" y="2629" width="407" height="896" frameX="0" frameY="-43" frameWidth="407" frameHeight="939"/>
	<SubTexture name="Adam Sing Up0008" x="3639" y="2629" width="407" height="896" frameX="0" frameY="-43" frameWidth="407" frameHeight="939"/>
	<SubTexture name="Adam Sing Up0009" x="3639" y="2629" width="407" height="896" frameX="0" frameY="-43" frameWidth="407" frameHeight="939"/>
	<SubTexture name="Adam Sing Up0010" x="3639" y="2629" width="407" height="896" frameX="0" frameY="-43" frameWidth="407" frameHeight="939"/>
	<SubTexture name="Adam Sing Up0011" x="3639" y="2629" width="407" height="896" frameX="0" frameY="-43" frameWidth="407" frameHeight="939"/>
	<SubTexture name="Adam Sing Up0012" x="3639" y="2629" width="407" height="896" frameX="0" frameY="-43" frameWidth="407" frameHeight="939"/>
	<SubTexture name="Adam Sing Up0013" x="3639" y="2629" width="407" height="896" frameX="0" frameY="-43" frameWidth="407" frameHeight="939"/>
	<SubTexture name="Adam Sing Up0014" x="3639" y="2629" width="407" height="896" frameX="0" frameY="-43" frameWidth="407" frameHeight="939"/>
</TextureAtlas>
