﻿<?xml version="1.0" encoding="utf-8"?>
<TextureAtlas imagePath="adamNutshell.png">
	<!-- Created with Adobe Animate version 22.0.0.93 -->
	<!-- http://www.adobe.com/products/animate.html -->
	<SubTexture name="Dodge0000" x="1600" y="16" width="512" height="512"/>
	<SubTexture name="Dodge0001" x="1600" y="16" width="512" height="512"/>
	<SubTexture name="Dodge0002" x="1600" y="544" width="512" height="512"/>
	<SubTexture name="Dodge0003" x="1600" y="544" width="512" height="512"/>
	<SubTexture name="Dodge0004" x="1600" y="544" width="512" height="512"/>
	<SubTexture name="Dodge0005" x="1600" y="544" width="512" height="512"/>
	<SubTexture name="Dodge0006" x="1600" y="544" width="512" height="512"/>
	<SubTexture name="Dodge0007" x="1600" y="544" width="512" height="512"/>
	<SubTexture name="Dodge0008" x="1600" y="544" width="512" height="512"/>
	<SubTexture name="Dodge0009" x="1600" y="544" width="512" height="512"/>
	<SubTexture name="Idle0000" x="16" y="16" width="512" height="512"/>
	<SubTexture name="Idle0001" x="16" y="16" width="512" height="512"/>
	<SubTexture name="Idle0002" x="16" y="544" width="512" height="512"/>
	<SubTexture name="Idle0003" x="16" y="544" width="512" height="512"/>
	<SubTexture name="Idle0004" x="16" y="1072" width="512" height="512"/>
	<SubTexture name="Idle0005" x="16" y="1072" width="512" height="512"/>
	<SubTexture name="Idle0006" x="16" y="1072" width="512" height="512"/>
	<SubTexture name="Idle0007" x="16" y="1072" width="512" height="512"/>
	<SubTexture name="Idle0008" x="16" y="1072" width="512" height="512"/>
	<SubTexture name="Idle0009" x="16" y="1072" width="512" height="512"/>
	<SubTexture name="Idle0010" x="16" y="1072" width="512" height="512"/>
	<SubTexture name="Idle0011" x="16" y="1072" width="512" height="512"/>
	<SubTexture name="Idle0012" x="16" y="1072" width="512" height="512"/>
	<SubTexture name="Idle0013" x="16" y="1072" width="512" height="512"/>
	<SubTexture name="Idle0014" x="16" y="1072" width="512" height="512"/>
	<SubTexture name="Idle0015" x="16" y="1072" width="512" height="512"/>
	<SubTexture name="Miss Down0000" x="16" y="1600" width="512" height="512"/>
	<SubTexture name="Miss Down0001" x="16" y="1600" width="512" height="512"/>
	<SubTexture name="Miss Down0002" x="16" y="2128" width="512" height="512"/>
	<SubTexture name="Miss Down0003" x="16" y="2128" width="512" height="512"/>
	<SubTexture name="Miss Down0004" x="16" y="2128" width="512" height="512"/>
	<SubTexture name="Miss Down0005" x="16" y="2128" width="512" height="512"/>
	<SubTexture name="Miss Down0006" x="16" y="2128" width="512" height="512"/>
	<SubTexture name="Miss Down0007" x="16" y="2128" width="512" height="512"/>
	<SubTexture name="Miss Down0008" x="16" y="2128" width="512" height="512"/>
	<SubTexture name="Miss Down0009" x="16" y="2128" width="512" height="512"/>
	<SubTexture name="Miss Left0000" x="16" y="2656" width="512" height="512"/>
	<SubTexture name="Miss Left0001" x="16" y="2656" width="512" height="512"/>
	<SubTexture name="Miss Left0002" x="16" y="3184" width="512" height="512"/>
	<SubTexture name="Miss Left0003" x="16" y="3184" width="512" height="512"/>
	<SubTexture name="Miss Left0004" x="16" y="3184" width="512" height="512"/>
	<SubTexture name="Miss Left0005" x="16" y="3184" width="512" height="512"/>
	<SubTexture name="Miss Left0006" x="16" y="3184" width="512" height="512"/>
	<SubTexture name="Miss Left0007" x="16" y="3184" width="512" height="512"/>
	<SubTexture name="Miss Left0008" x="16" y="3184" width="512" height="512"/>
	<SubTexture name="Miss Left0009" x="16" y="3184" width="512" height="512"/>
	<SubTexture name="Miss Right0000" x="544" y="16" width="512" height="512"/>
	<SubTexture name="Miss Right0001" x="544" y="16" width="512" height="512"/>
	<SubTexture name="Miss Right0002" x="544" y="544" width="512" height="512"/>
	<SubTexture name="Miss Right0003" x="544" y="544" width="512" height="512"/>
	<SubTexture name="Miss Right0004" x="544" y="544" width="512" height="512"/>
	<SubTexture name="Miss Right0005" x="544" y="544" width="512" height="512"/>
	<SubTexture name="Miss Right0006" x="544" y="544" width="512" height="512"/>
	<SubTexture name="Miss Right0007" x="544" y="544" width="512" height="512"/>
	<SubTexture name="Miss Right0008" x="544" y="544" width="512" height="512"/>
	<SubTexture name="Miss Right0009" x="544" y="544" width="512" height="512"/>
	<SubTexture name="Miss Up0000" x="544" y="1072" width="512" height="512"/>
	<SubTexture name="Miss Up0001" x="544" y="1072" width="512" height="512"/>
	<SubTexture name="Miss Up0002" x="544" y="1600" width="512" height="512"/>
	<SubTexture name="Miss Up0003" x="544" y="1600" width="512" height="512"/>
	<SubTexture name="Miss Up0004" x="544" y="1600" width="512" height="512"/>
	<SubTexture name="Miss Up0005" x="544" y="1600" width="512" height="512"/>
	<SubTexture name="Miss Up0006" x="544" y="1600" width="512" height="512"/>
	<SubTexture name="Miss Up0007" x="544" y="1600" width="512" height="512"/>
	<SubTexture name="Miss Up0008" x="544" y="1600" width="512" height="512"/>
	<SubTexture name="Miss Up0009" x="544" y="1600" width="512" height="512"/>
	<SubTexture name="Sing Down0000" x="16" y="1600" width="512" height="512"/>
	<SubTexture name="Sing Down0001" x="16" y="1600" width="512" height="512"/>
	<SubTexture name="Sing Down0002" x="544" y="2128" width="512" height="512"/>
	<SubTexture name="Sing Down0003" x="544" y="2128" width="512" height="512"/>
	<SubTexture name="Sing Down0004" x="544" y="2128" width="512" height="512"/>
	<SubTexture name="Sing Down0005" x="544" y="2128" width="512" height="512"/>
	<SubTexture name="Sing Down0006" x="544" y="2128" width="512" height="512"/>
	<SubTexture name="Sing Down0007" x="544" y="2128" width="512" height="512"/>
	<SubTexture name="Sing Down0008" x="544" y="2128" width="512" height="512"/>
	<SubTexture name="Sing Down0009" x="544" y="2128" width="512" height="512"/>
	<SubTexture name="Sing Left0000" x="16" y="2656" width="512" height="512"/>
	<SubTexture name="Sing Left0001" x="16" y="2656" width="512" height="512"/>
	<SubTexture name="Sing Left0002" x="544" y="2656" width="512" height="512"/>
	<SubTexture name="Sing Left0003" x="544" y="2656" width="512" height="512"/>
	<SubTexture name="Sing Left0004" x="544" y="2656" width="512" height="512"/>
	<SubTexture name="Sing Left0005" x="544" y="2656" width="512" height="512"/>
	<SubTexture name="Sing Left0006" x="544" y="2656" width="512" height="512"/>
	<SubTexture name="Sing Left0007" x="544" y="2656" width="512" height="512"/>
	<SubTexture name="Sing Left0008" x="544" y="2656" width="512" height="512"/>
	<SubTexture name="Sing Left0009" x="544" y="2656" width="512" height="512"/>
	<SubTexture name="Sing Right0000" x="544" y="16" width="512" height="512"/>
	<SubTexture name="Sing Right0001" x="544" y="16" width="512" height="512"/>
	<SubTexture name="Sing Right0002" x="544" y="3184" width="512" height="512"/>
	<SubTexture name="Sing Right0003" x="544" y="3184" width="512" height="512"/>
	<SubTexture name="Sing Right0004" x="544" y="3184" width="512" height="512"/>
	<SubTexture name="Sing Right0005" x="544" y="3184" width="512" height="512"/>
	<SubTexture name="Sing Right0006" x="544" y="3184" width="512" height="512"/>
	<SubTexture name="Sing Right0007" x="544" y="3184" width="512" height="512"/>
	<SubTexture name="Sing Right0008" x="544" y="3184" width="512" height="512"/>
	<SubTexture name="Sing Right0009" x="544" y="3184" width="512" height="512"/>
	<SubTexture name="Sing Up0000" x="544" y="1072" width="512" height="512"/>
	<SubTexture name="Sing Up0001" x="544" y="1072" width="512" height="512"/>
	<SubTexture name="Sing Up0002" x="1072" y="16" width="512" height="512"/>
	<SubTexture name="Sing Up0003" x="1072" y="16" width="512" height="512"/>
	<SubTexture name="Sing Up0004" x="1072" y="16" width="512" height="512"/>
	<SubTexture name="Sing Up0005" x="1072" y="16" width="512" height="512"/>
	<SubTexture name="Sing Up0006" x="1072" y="16" width="512" height="512"/>
	<SubTexture name="Sing Up0007" x="1072" y="16" width="512" height="512"/>
	<SubTexture name="Sing Up0008" x="1072" y="16" width="512" height="512"/>
	<SubTexture name="Sing Up0009" x="1072" y="16" width="512" height="512"/>
	<SubTexture name="Snowball Hit0000" x="1072" y="544" width="512" height="512"/>
	<SubTexture name="Snowball Hit0001" x="1072" y="544" width="512" height="512"/>
	<SubTexture name="Snowball Hit0002" x="1072" y="1072" width="512" height="512"/>
	<SubTexture name="Snowball Hit0003" x="1072" y="1072" width="512" height="512"/>
	<SubTexture name="Snowball Hit0004" x="1072" y="1072" width="512" height="512"/>
	<SubTexture name="Snowball Hit0005" x="1072" y="1072" width="512" height="512"/>
	<SubTexture name="Snowball Hit0006" x="1072" y="1072" width="512" height="512"/>
	<SubTexture name="Snowball Hit0007" x="1072" y="1072" width="512" height="512"/>
	<SubTexture name="Snowball Hit0008" x="1072" y="1072" width="512" height="512"/>
	<SubTexture name="Snowball Hit0009" x="1072" y="1072" width="512" height="512"/>
	<SubTexture name="Snowball Hit0010" x="1072" y="1600" width="512" height="512"/>
	<SubTexture name="Snowball Hit0011" x="1072" y="1600" width="512" height="512"/>
	<SubTexture name="Snowball Hit0012" x="1072" y="2128" width="512" height="512"/>
	<SubTexture name="Snowball Hit0013" x="1072" y="2128" width="512" height="512"/>
	<SubTexture name="Snowball Hit0014" x="1072" y="2656" width="512" height="512"/>
	<SubTexture name="Snowball Hit0015" x="1072" y="2656" width="512" height="512"/>
	<SubTexture name="Snowball Hit0016" x="1072" y="3184" width="512" height="512"/>
	<SubTexture name="Snowball Hit0017" x="1072" y="3184" width="512" height="512"/>
	<SubTexture name="Snowball Hit0018" x="1072" y="3184" width="512" height="512"/>
	<SubTexture name="Snowball Hit0019" x="1072" y="3184" width="512" height="512"/>
	<SubTexture name="Snowball Hit0020" x="1072" y="3184" width="512" height="512"/>
	<SubTexture name="Snowball Hit0021" x="1072" y="3184" width="512" height="512"/>
	<SubTexture name="Snowball Hit0022" x="1072" y="3184" width="512" height="512"/>
	<SubTexture name="Snowball Hit0023" x="1072" y="3184" width="512" height="512"/>
</TextureAtlas>
