﻿<?xml version="1.0" encoding="utf-8"?>
<TextureAtlas imagePath="adamLegs.png">
	<!-- Created with Adobe Animate version 22.0.0.93 -->
	<!-- http://www.adobe.com/products/animate.html -->
	<SubTexture name="Run0000" x="242" y="194" width="143" height="181" frameX="-72" frameY="-12" frameWidth="271" frameHeight="194"/>
	<SubTexture name="Run0001" x="242" y="194" width="143" height="181" frameX="-72" frameY="-12" frameWidth="271" frameHeight="194"/>
	<SubTexture name="Run0002" x="401" y="194" width="144" height="177" frameX="-45" frameY="-17" frameWidth="271" frameHeight="194"/>
	<SubTexture name="Run0003" x="401" y="194" width="144" height="177" frameX="-45" frameY="-17" frameWidth="271" frameHeight="194"/>
	<SubTexture name="Run0004" x="16" y="189" width="210" height="173" frameX="-30" frameY="-10" frameWidth="271" frameHeight="194"/>
	<SubTexture name="Run0005" x="16" y="189" width="210" height="173" frameX="-30" frameY="-10" frameWidth="271" frameHeight="194"/>
	<SubTexture name="Run0006" x="303" y="16" width="260" height="162" frameX="-7" frameY="0" frameWidth="271" frameHeight="194"/>
	<SubTexture name="Run0007" x="303" y="16" width="260" height="162" frameX="-7" frameY="0" frameWidth="271" frameHeight="194"/>
	<SubTexture name="Run0008" x="16" y="16" width="271" height="157" frameX="0" frameY="0" frameWidth="271" frameHeight="194"/>
	<SubTexture name="Run0009" x="16" y="16" width="271" height="157" frameX="0" frameY="0" frameWidth="271" frameHeight="194"/>
	<SubTexture name="Run0010" x="16" y="16" width="271" height="157" frameX="0" frameY="0" frameWidth="271" frameHeight="194"/>
	<SubTexture name="Run0011" x="16" y="16" width="271" height="157" frameX="0" frameY="0" frameWidth="271" frameHeight="194"/>
	<SubTexture name="Run0012" x="792" y="16" width="173" height="167" frameX="-50" frameY="-12" frameWidth="271" frameHeight="194"/>
	<SubTexture name="Run0013" x="792" y="16" width="173" height="167" frameX="-50" frameY="-12" frameWidth="271" frameHeight="194"/>
	<SubTexture name="Run0014" x="771" y="199" width="151" height="174" frameX="-59" frameY="-11" frameWidth="271" frameHeight="194"/>
	<SubTexture name="Run0015" x="771" y="199" width="151" height="174" frameX="-59" frameY="-11" frameWidth="271" frameHeight="194"/>
	<SubTexture name="Run0016" x="561" y="361" width="131" height="172" frameX="-70" frameY="-11" frameWidth="271" frameHeight="194"/>
	<SubTexture name="Run0017" x="561" y="361" width="131" height="172" frameX="-70" frameY="-11" frameWidth="271" frameHeight="194"/>
	<SubTexture name="Run0018" x="579" y="185" width="176" height="160" frameX="-31" frameY="-8" frameWidth="271" frameHeight="194"/>
	<SubTexture name="Run0019" x="579" y="185" width="176" height="160" frameX="-31" frameY="-8" frameWidth="271" frameHeight="194"/>
	<SubTexture name="Run0020" x="579" y="16" width="197" height="153" frameX="-21" frameY="-7" frameWidth="271" frameHeight="194"/>
	<SubTexture name="Run0021" x="579" y="16" width="197" height="153" frameX="-21" frameY="-7" frameWidth="271" frameHeight="194"/>
	<SubTexture name="Run0022" x="579" y="16" width="197" height="153" frameX="-21" frameY="-7" frameWidth="271" frameHeight="194"/>
	<SubTexture name="Run0023" x="579" y="16" width="197" height="153" frameX="-21" frameY="-7" frameWidth="271" frameHeight="194"/>
</TextureAtlas>
