﻿<?xml version="1.0" encoding="utf-8"?>
<TextureAtlas imagePath="adamRun.png">
	<!-- Created with Adobe Animate version 22.0.0.93 -->
	<!-- http://www.adobe.com/products/animate.html -->
	<SubTexture name="Dance Left0000" x="16" y="16" width="512" height="512"/>
	<SubTexture name="Dance Left0001" x="16" y="16" width="512" height="512"/>
	<SubTexture name="Dance Left0002" x="16" y="544" width="512" height="512"/>
	<SubTexture name="Dance Left0003" x="16" y="544" width="512" height="512"/>
	<SubTexture name="Dance Left0004" x="16" y="1072" width="512" height="512"/>
	<SubTexture name="Dance Left0005" x="16" y="1072" width="512" height="512"/>
	<SubTexture name="Dance Left0006" x="16" y="1600" width="512" height="512"/>
	<SubTexture name="Dance Left0007" x="16" y="1600" width="512" height="512"/>
	<SubTexture name="Dance Left0008" x="16" y="2128" width="512" height="512"/>
	<SubTexture name="Dance Left0009" x="16" y="2128" width="512" height="512"/>
	<SubTexture name="Dance Left0010" x="16" y="2128" width="512" height="512"/>
	<SubTexture name="Dance Left0011" x="16" y="2128" width="512" height="512"/>
	<SubTexture name="Dance Right0000" x="16" y="2656" width="512" height="512"/>
	<SubTexture name="Dance Right0001" x="16" y="2656" width="512" height="512"/>
	<SubTexture name="Dance Right0002" x="16" y="3184" width="512" height="512"/>
	<SubTexture name="Dance Right0003" x="16" y="3184" width="512" height="512"/>
	<SubTexture name="Dance Right0004" x="544" y="16" width="512" height="512"/>
	<SubTexture name="Dance Right0005" x="544" y="16" width="512" height="512"/>
	<SubTexture name="Dance Right0006" x="544" y="544" width="512" height="512"/>
	<SubTexture name="Dance Right0007" x="544" y="544" width="512" height="512"/>
	<SubTexture name="Dance Right0008" x="544" y="1072" width="512" height="512"/>
	<SubTexture name="Dance Right0009" x="544" y="1072" width="512" height="512"/>
	<SubTexture name="Dance Right0010" x="544" y="1072" width="512" height="512"/>
	<SubTexture name="Dance Right0011" x="544" y="1072" width="512" height="512"/>
	<SubTexture name="Sing Down0000" x="544" y="1600" width="512" height="512"/>
	<SubTexture name="Sing Down0001" x="544" y="1600" width="512" height="512"/>
	<SubTexture name="Sing Down0002" x="544" y="2128" width="512" height="512"/>
	<SubTexture name="Sing Down0003" x="544" y="2128" width="512" height="512"/>
	<SubTexture name="Sing Down0004" x="544" y="2128" width="512" height="512"/>
	<SubTexture name="Sing Down0005" x="544" y="2128" width="512" height="512"/>
	<SubTexture name="Sing Down0006" x="544" y="2128" width="512" height="512"/>
	<SubTexture name="Sing Down0007" x="544" y="2128" width="512" height="512"/>
	<SubTexture name="Sing Down0008" x="544" y="2128" width="512" height="512"/>
	<SubTexture name="Sing Down0009" x="544" y="2128" width="512" height="512"/>
	<SubTexture name="Sing Left0000" x="544" y="2656" width="512" height="512"/>
	<SubTexture name="Sing Left0001" x="544" y="2656" width="512" height="512"/>
	<SubTexture name="Sing Left0002" x="544" y="3184" width="512" height="512"/>
	<SubTexture name="Sing Left0003" x="544" y="3184" width="512" height="512"/>
	<SubTexture name="Sing Left0004" x="544" y="3184" width="512" height="512"/>
	<SubTexture name="Sing Left0005" x="544" y="3184" width="512" height="512"/>
	<SubTexture name="Sing Left0006" x="544" y="3184" width="512" height="512"/>
	<SubTexture name="Sing Left0007" x="544" y="3184" width="512" height="512"/>
	<SubTexture name="Sing Left0008" x="544" y="3184" width="512" height="512"/>
	<SubTexture name="Sing Left0009" x="544" y="3184" width="512" height="512"/>
	<SubTexture name="Sing Right0000" x="1072" y="16" width="512" height="512"/>
	<SubTexture name="Sing Right0001" x="1072" y="16" width="512" height="512"/>
	<SubTexture name="Sing Right0002" x="1072" y="544" width="512" height="512"/>
	<SubTexture name="Sing Right0003" x="1072" y="544" width="512" height="512"/>
	<SubTexture name="Sing Right0004" x="1072" y="1072" width="512" height="512"/>
	<SubTexture name="Sing Right0005" x="1072" y="1072" width="512" height="512"/>
	<SubTexture name="Sing Right0006" x="1072" y="1072" width="512" height="512"/>
	<SubTexture name="Sing Right0007" x="1072" y="1072" width="512" height="512"/>
	<SubTexture name="Sing Right0008" x="1072" y="1072" width="512" height="512"/>
	<SubTexture name="Sing Right0009" x="1072" y="1072" width="512" height="512"/>
	<SubTexture name="Sing Up0000" x="1072" y="1600" width="512" height="512"/>
	<SubTexture name="Sing Up0001" x="1072" y="1600" width="512" height="512"/>
	<SubTexture name="Sing Up0002" x="1072" y="2128" width="512" height="512"/>
	<SubTexture name="Sing Up0003" x="1072" y="2128" width="512" height="512"/>
	<SubTexture name="Sing Up0004" x="1072" y="2128" width="512" height="512"/>
	<SubTexture name="Sing Up0005" x="1072" y="2128" width="512" height="512"/>
	<SubTexture name="Sing Up0006" x="1072" y="2128" width="512" height="512"/>
	<SubTexture name="Sing Up0007" x="1072" y="2128" width="512" height="512"/>
	<SubTexture name="Sing Up0008" x="1072" y="2128" width="512" height="512"/>
	<SubTexture name="Sing Up0009" x="1072" y="2128" width="512" height="512"/>
</TextureAtlas>
