﻿<?xml version="1.0" encoding="utf-8"?>
<TextureAtlas imagePath="chaseImpostor.png">
	<!-- Created with Adobe Animate version 22.0.0.93 -->
	<!-- http://www.adobe.com/products/animate.html -->
	<SubTexture name="Idle0000" x="16" y="16" width="300" height="300"/>
	<SubTexture name="Idle0001" x="16" y="16" width="300" height="300"/>
	<SubTexture name="Idle0002" x="332" y="16" width="300" height="300"/>
	<SubTexture name="Idle0003" x="332" y="16" width="300" height="300"/>
	<SubTexture name="Idle0004" x="648" y="16" width="300" height="300"/>
	<SubTexture name="Idle0005" x="648" y="16" width="300" height="300"/>
	<SubTexture name="Idle0006" x="648" y="16" width="300" height="300"/>
	<SubTexture name="Idle0007" x="648" y="16" width="300" height="300"/>
	<SubTexture name="Idle0008" x="648" y="16" width="300" height="300"/>
	<SubTexture name="Idle0009" x="648" y="16" width="300" height="300"/>
	<SubTexture name="Idle0010" x="648" y="16" width="300" height="300"/>
	<SubTexture name="Idle0011" x="648" y="16" width="300" height="300"/>
	<SubTexture name="Sing Down0000" x="964" y="16" width="300" height="300"/>
	<SubTexture name="Sing Down0001" x="964" y="16" width="300" height="300"/>
	<SubTexture name="Sing Down0002" x="1280" y="16" width="300" height="300"/>
	<SubTexture name="Sing Down0003" x="1280" y="16" width="300" height="300"/>
	<SubTexture name="Sing Down0004" x="1280" y="16" width="300" height="300"/>
	<SubTexture name="Sing Down0005" x="1280" y="16" width="300" height="300"/>
	<SubTexture name="Sing Down0006" x="1280" y="16" width="300" height="300"/>
	<SubTexture name="Sing Down0007" x="1280" y="16" width="300" height="300"/>
	<SubTexture name="Sing Down0008" x="1280" y="16" width="300" height="300"/>
	<SubTexture name="Sing Down0009" x="1280" y="16" width="300" height="300"/>
	<SubTexture name="Sing Left0000" x="1596" y="16" width="300" height="300"/>
	<SubTexture name="Sing Left0001" x="1596" y="16" width="300" height="300"/>
	<SubTexture name="Sing Left0002" x="16" y="332" width="300" height="300"/>
	<SubTexture name="Sing Left0003" x="16" y="332" width="300" height="300"/>
	<SubTexture name="Sing Left0004" x="16" y="332" width="300" height="300"/>
	<SubTexture name="Sing Left0005" x="16" y="332" width="300" height="300"/>
	<SubTexture name="Sing Left0006" x="16" y="332" width="300" height="300"/>
	<SubTexture name="Sing Left0007" x="16" y="332" width="300" height="300"/>
	<SubTexture name="Sing Left0008" x="16" y="332" width="300" height="300"/>
	<SubTexture name="Sing Left0009" x="16" y="332" width="300" height="300"/>
	<SubTexture name="Sing Right0000" x="332" y="332" width="300" height="300"/>
	<SubTexture name="Sing Right0001" x="332" y="332" width="300" height="300"/>
	<SubTexture name="Sing Right0002" x="648" y="332" width="300" height="300"/>
	<SubTexture name="Sing Right0003" x="648" y="332" width="300" height="300"/>
	<SubTexture name="Sing Right0004" x="648" y="332" width="300" height="300"/>
	<SubTexture name="Sing Right0005" x="648" y="332" width="300" height="300"/>
	<SubTexture name="Sing Right0006" x="648" y="332" width="300" height="300"/>
	<SubTexture name="Sing Right0007" x="648" y="332" width="300" height="300"/>
	<SubTexture name="Sing Right0008" x="648" y="332" width="300" height="300"/>
	<SubTexture name="Sing Right0009" x="648" y="332" width="300" height="300"/>
	<SubTexture name="Sing Up0000" x="964" y="332" width="300" height="300"/>
	<SubTexture name="Sing Up0001" x="964" y="332" width="300" height="300"/>
	<SubTexture name="Sing Up0002" x="1280" y="332" width="300" height="300"/>
	<SubTexture name="Sing Up0003" x="1280" y="332" width="300" height="300"/>
	<SubTexture name="Sing Up0004" x="1280" y="332" width="300" height="300"/>
	<SubTexture name="Sing Up0005" x="1280" y="332" width="300" height="300"/>
	<SubTexture name="Sing Up0006" x="1280" y="332" width="300" height="300"/>
	<SubTexture name="Sing Up0007" x="1280" y="332" width="300" height="300"/>
	<SubTexture name="Sing Up0008" x="1280" y="332" width="300" height="300"/>
	<SubTexture name="Sing Up0009" x="1280" y="332" width="300" height="300"/>
</TextureAtlas>
