{
	"song": {
		"player1": "adamNutshell",
		"player2": "kristenAngry",
		"notes": [
			{
				"endTime": 1600,
				"lengthInSteps": 16,
				"sectionNotes": [
					[
						0,
						1,
						0
					],
					[
						230.769230769231,
						0,
						0
					],
					[
						461.538461538462,
						0,
						0
					],
					[
						346.153846153846,
						3,
						0
					],
					[
						692.307692307692,
						1,
						0
					],
					[
						923.076923076923,
						1,
						0
					],
					[
						1153.84615384615,
						1,
						0
					],
					[
						1384.61538461538,
						0,
						0
					],
					[
						1384.61538461538,
						2,
						0
					]
				],
				"mustHitSection": false,
				"startTime": 0
			},
			{
				"endTime": 3200,
				"lengthInSteps": 16,
				"sectionNotes": [
					[
						1846.15384615385,
						1,
						0
					],
					[
						2076.92307692308,
						0,
						0
					],
					[
						2307.69230769231,
						0,
						0
					],
					[
						2192.30769230769,
						3,
						0
					],
					[
						2538.46153846154,
						1,
						0
					],
					[
						2769.23076923077,
						1,
						0
					],
					[
						3000,
						1,
						0
					],
					[
						3230.76923076923,
						1,
						0
					],
					[
						3230.76923076923,
						3,
						0
					],
					[
						3461.53846153846,
						2,
						0
					],
					[
						3461.53846153846,
						0,
						0
					]
				],
				"mustHitSection": false,
				"startTime": 1600
			},
			{
				"endTime": 4800,
				"lengthInSteps": 16,
				"sectionNotes": [
					[
						3692.30769230769,
						1,
						0
					],
					[
						3923.07692307692,
						0,
						0
					],
					[
						4153.84615384615,
						0,
						0
					],
					[
						4038.46153846154,
						3,
						0
					],
					[
						4384.61538461538,
						1,
						0
					],
					[
						4615.38461538462,
						1,
						0
					],
					[
						4846.15384615385,
						1,
						0
					],
					[
						5076.92307692308,
						2,
						0
					],
					[
						5076.92307692308,
						0,
						0
					]
				],
				"mustHitSection": false,
				"startTime": 3200
			},
			{
				"endTime": 6400,
				"lengthInSteps": 16,
				"sectionNotes": [
					[
						5538.46153846154,
						2,
						0
					],
					[
						5538.46153846154,
						0,
						0
					],
					[
						5884.61538461538,
						1,
						0
					],
					[
						6230.76923076923,
						1,
						0
					],
					[
						6461.53846153846,
						1,
						0
					],
					[
						6461.53846153846,
						3,
						0
					],
					[
						6807.69230769231,
						2,
						0
					],
					[
						6807.69230769231,
						0,
						0
					],
					[
						7153.84615384615,
						0,
						0
					],
					[
						7153.84615384615,
						3,
						0
					]
				],
				"mustHitSection": false,
				"startTime": 4800
			},
			{
				"endTime": 8000,
				"lengthInSteps": 16,
				"sectionNotes": [
					[
						7384.61538461538,
						1,
						0
					],
					[
						7615.38461538462,
						0,
						0
					],
					[
						7846.15384615385,
						0,
						0
					],
					[
						7730.76923076923,
						3,
						0
					],
					[
						8076.92307692308,
						1,
						0
					],
					[
						8307.69230769231,
						1,
						0
					],
					[
						8538.46153846154,
						1,
						0
					],
					[
						8769.23076923077,
						0,
						0
					],
					[
						8769.23076923077,
						2,
						0
					]
				],
				"mustHitSection": true,
				"startTime": 6400
			},
			{
				"endTime": 9600,
				"lengthInSteps": 16,
				"sectionNotes": [
					[
						9230.76923076923,
						1,
						0
					],
					[
						9461.53846153846,
						0,
						0
					],
					[
						9692.3076923077,
						0,
						0
					],
					[
						9576.92307692307,
						3,
						0
					],
					[
						9923.07692307693,
						1,
						0
					],
					[
						10153.8461538462,
						1,
						0
					],
					[
						10384.6153846154,
						1,
						0
					],
					[
						10615.3846153846,
						1,
						0
					],
					[
						10615.3846153846,
						3,
						0
					],
					[
						10846.1538461538,
						2,
						0
					],
					[
						10846.1538461538,
						0,
						0
					]
				],
				"mustHitSection": true,
				"startTime": 8000
			},
			{
				"endTime": 11200,
				"lengthInSteps": 16,
				"sectionNotes": [
					[
						11076.9230769231,
						1,
						0
					],
					[
						11307.6923076923,
						0,
						0
					],
					[
						11538.4615384615,
						0,
						0
					],
					[
						11423.0769230769,
						3,
						0
					],
					[
						11769.2307692308,
						1,
						0
					],
					[
						12000,
						1,
						0
					],
					[
						12230.7692307692,
						1,
						0
					],
					[
						12461.5384615385,
						2,
						0
					],
					[
						12461.5384615385,
						0,
						0
					]
				],
				"mustHitSection": true,
				"startTime": 9600
			},
			{
				"sectionNotes": [
					[
						12923.0769230769,
						2,
						0
					],
					[
						12923.0769230769,
						0,
						0
					],
					[
						13269.2307692308,
						1,
						0
					],
					[
						13615.3846153846,
						1,
						0
					],
					[
						13846.1538461538,
						1,
						0
					],
					[
						13846.1538461538,
						3,
						0
					],
					[
						14192.3076923077,
						2,
						0
					],
					[
						14192.3076923077,
						0,
						0
					],
					[
						14538.4615384615,
						0,
						0
					],
					[
						14538.4615384615,
						3,
						0
					]
				],
				"typeOfSection": 0,
				"lengthInSteps": 16,
				"altAnim": false,
				"mustHitSection": true,
				"changeBPM": false,
				"bpm": 130
			},
			{
				"sectionNotes": [
					[
						14769.2307692308,
						1,
						0
					],
					[
						15000,
						0,
						0
					],
					[
						15230.7692307692,
						0,
						0
					],
					[
						15115.3846153846,
						3,
						0
					],
					[
						15461.5384615385,
						1,
						0
					],
					[
						15692.3076923077,
						1,
						0
					],
					[
						15923.0769230769,
						1,
						0
					],
					[
						14769.2307692308,
						1,
						0
					],
					[
						15000,
						0,
						0
					],
					[
						15230.7692307692,
						0,
						0
					],
					[
						15115.3846153846,
						3,
						0
					],
					[
						15461.5384615385,
						1,
						0
					],
					[
						15692.3076923077,
						1,
						0
					],
					[
						15923.0769230769,
						1,
						0
					],
					[
						14769.2307692308,
						1,
						0
					],
					[
						15000,
						0,
						0
					],
					[
						15230.7692307692,
						0,
						0
					],
					[
						15115.3846153846,
						3,
						0
					],
					[
						15461.5384615385,
						1,
						0
					],
					[
						15692.3076923077,
						1,
						0
					],
					[
						15923.0769230769,
						1,
						0
					],
					[
						14769.2307692308,
						1,
						0
					],
					[
						15000,
						0,
						0
					],
					[
						15230.7692307692,
						0,
						0
					],
					[
						15115.3846153846,
						3,
						0
					],
					[
						15461.5384615385,
						1,
						0
					],
					[
						15692.3076923077,
						1,
						0
					],
					[
						15923.0769230769,
						1,
						0
					],
					[
						14769.2307692308,
						1,
						0
					],
					[
						15000,
						0,
						0
					],
					[
						15230.7692307692,
						0,
						0
					],
					[
						15115.3846153846,
						3,
						0
					],
					[
						15461.5384615385,
						1,
						0
					],
					[
						15692.3076923077,
						1,
						0
					],
					[
						15923.0769230769,
						1,
						0
					],
					[
						14769.2307692308,
						1,
						0
					],
					[
						15000,
						0,
						0
					],
					[
						15230.7692307692,
						0,
						0
					],
					[
						15115.3846153846,
						3,
						0
					],
					[
						15461.5384615385,
						1,
						0
					],
					[
						15692.3076923077,
						1,
						0
					],
					[
						15923.0769230769,
						1,
						0
					],
					[
						15461.5384615385,
						5,
						0,
						"Hurt Note"
					],
					[
						15692.3076923077,
						5,
						0,
						"Hurt Note"
					],
					[
						15923.0769230769,
						5,
						0,
						"Hurt Note"
					],
					[
						16153.8461538462,
						0,
						0
					],
					[
						16153.8461538462,
						2,
						0
					]
				],
				"typeOfSection": 0,
				"lengthInSteps": 16,
				"altAnim": false,
				"mustHitSection": false,
				"changeBPM": false,
				"bpm": 130
			},
			{
				"sectionNotes": [
					[
						16846.1538461539,
						3,
						0
					],
					[
						16961.5384615385,
						0,
						0
					],
					[
						17076.9230769231,
						3,
						0
					],
					[
						16615.3846153846,
						2,
						0
					],
					[
						17307.6923076923,
						2,
						0
					],
					[
						17538.4615384615,
						2,
						0
					],
					[
						17769.2307692308,
						2,
						0
					],
					[
						18000,
						5,
						0,
						"Hurt Note"
					],
					[
						18000,
						7,
						0,
						"Hurt Note"
					],
					[
						18230.7692307692,
						6,
						0,
						"Hurt Note"
					],
					[
						18230.7692307692,
						4,
						0,
						"Hurt Note"
					],
					[
						18000,
						3,
						0
					],
					[
						18230.7692307692,
						2,
						0
					],
					[
						18000,
						1,
						0
					],
					[
						18230.7692307692,
						0,
						0
					]
				],
				"typeOfSection": 0,
				"lengthInSteps": 16,
				"altAnim": false,
				"mustHitSection": false,
				"changeBPM": false,
				"bpm": 130
			},
			{
				"sectionNotes": [
					[
						18461.5384615385,
						1,
						0
					],
					[
						18692.3076923077,
						0,
						0
					],
					[
						18923.0769230769,
						0,
						0
					],
					[
						18807.6923076923,
						3,
						0
					],
					[
						19153.8461538461,
						1,
						0
					],
					[
						19384.6153846154,
						1,
						0
					],
					[
						19615.3846153846,
						1,
						0
					],
					[
						19846.1538461538,
						0,
						0
					],
					[
						19846.1538461538,
						2,
						0
					]
				],
				"typeOfSection": 0,
				"lengthInSteps": 16,
				"altAnim": false,
				"mustHitSection": false,
				"changeBPM": false,
				"bpm": 130
			},
			{
				"sectionNotes": [
					[
						20307.6923076923,
						0,
						0
					],
					[
						20307.6923076923,
						2,
						0
					],
					[
						20653.8461538462,
						1,
						0
					],
					[
						21000,
						1,
						0
					],
					[
						21230.7692307692,
						1,
						0
					],
					[
						21230.7692307692,
						3,
						0
					],
					[
						21576.9230769231,
						2,
						0
					],
					[
						21576.9230769231,
						0,
						0
					],
					[
						21923.0769230769,
						0,
						0
					],
					[
						21923.0769230769,
						3,
						0
					]
				],
				"typeOfSection": 0,
				"lengthInSteps": 16,
				"altAnim": false,
				"mustHitSection": false,
				"changeBPM": false,
				"bpm": 130
			},
			{
				"sectionNotes": [
					[
						22153.8461538461,
						1,
						0
					],
					[
						22384.6153846154,
						0,
						0
					],
					[
						22615.3846153846,
						0,
						0
					],
					[
						22500,
						3,
						0
					],
					[
						22846.1538461539,
						1,
						0
					],
					[
						23076.9230769231,
						1,
						0
					],
					[
						23307.6923076923,
						1,
						0
					],
					[
						22153.8461538462,
						2,
						0,
						"Hurt Note"
					],
					[
						22846.1538461538,
						0,
						0,
						"Hurt Note"
					],
					[
						23769.2307692308,
						1,
						0,
						"Hurt Note"
					],
					[
						23769.2307692308,
						3,
						0,
						"Hurt Note"
					],
					[
						23538.4615384615,
						2,
						0
					],
					[
						23538.4615384615,
						0,
						0
					]
				],
				"typeOfSection": 0,
				"lengthInSteps": 16,
				"altAnim": false,
				"mustHitSection": true,
				"changeBPM": false,
				"bpm": 130
			},
			{
				"sectionNotes": [
					[
						24230.7692307692,
						3,
						0
					],
					[
						24346.1538461539,
						0,
						0
					],
					[
						24461.5384615385,
						3,
						0
					],
					[
						24000,
						2,
						0
					],
					[
						24692.3076923077,
						2,
						0
					],
					[
						24923.076923077,
						2,
						0
					],
					[
						25153.8461538462,
						2,
						0
					],
					[
						24230.7692307692,
						2,
						0,
						"Hurt Note"
					],
					[
						24692.3076923077,
						1,
						0,
						"Hurt Note"
					],
					[
						25384.6153846154,
						2,
						0,
						"Hurt Note"
					],
					[
						25384.6153846154,
						1,
						0
					],
					[
						25384.6153846154,
						3,
						0
					],
					[
						25615.3846153846,
						2,
						0
					],
					[
						25615.3846153846,
						0,
						0
					]
				],
				"typeOfSection": 0,
				"lengthInSteps": 16,
				"altAnim": false,
				"mustHitSection": true,
				"changeBPM": false,
				"bpm": 130
			},
			{
				"sectionNotes": [
					[
						25846.1538461539,
						1,
						0
					],
					[
						26076.9230769231,
						0,
						0
					],
					[
						26307.6923076923,
						0,
						0
					],
					[
						26192.3076923077,
						3,
						0
					],
					[
						26538.4615384616,
						1,
						0
					],
					[
						26769.2307692308,
						1,
						0
					],
					[
						27000,
						1,
						0
					],
					[
						26538.4615384615,
						3,
						0,
						"Hurt Note"
					],
					[
						25846.1538461539,
						2,
						0,
						"Hurt Note"
					],
					[
						27230.7692307692,
						1,
						0,
						"Hurt Note"
					],
					[
						27230.7692307692,
						2,
						0
					],
					[
						27230.7692307692,
						0,
						0
					]
				],
				"typeOfSection": 0,
				"lengthInSteps": 16,
				"altAnim": false,
				"mustHitSection": true,
				"changeBPM": false,
				"bpm": 130
			},
			{
				"sectionNotes": [
					[
						28038.4615384615,
						2,
						0,
						"Hurt Note"
					],
					[
						28615.3846153846,
						2,
						0,
						"Hurt Note"
					],
					[
						27692.3076923077,
						2,
						0
					],
					[
						27692.3076923077,
						0,
						0
					],
					[
						28038.4615384615,
						1,
						0
					],
					[
						28384.6153846154,
						1,
						0
					],
					[
						28615.3846153846,
						1,
						0
					],
					[
						28615.3846153846,
						3,
						0
					],
					[
						28961.5384615385,
						2,
						0
					],
					[
						28961.5384615385,
						0,
						0
					],
					[
						29307.6923076923,
						0,
						0
					],
					[
						29307.6923076923,
						3,
						0
					]
				],
				"typeOfSection": 0,
				"lengthInSteps": 16,
				"altAnim": false,
				"mustHitSection": true,
				"changeBPM": false,
				"bpm": 130
			},
			{
				"sectionNotes": [
					[
						29538.4615384615,
						3,
						0
					],
					[
						29769.2307692308,
						3,
						0
					],
					[
						30000,
						0,
						0
					],
					[
						30115.3846153846,
						3,
						0
					],
					[
						30230.7692307692,
						0,
						0
					],
					[
						30346.1538461539,
						1,
						0
					],
					[
						30461.5384615385,
						3,
						0
					],
					[
						30576.9230769231,
						1,
						0
					],
					[
						30692.3076923077,
						3,
						0
					],
					[
						30807.6923076923,
						2,
						230.769230769231
					],
					[
						30807.6923076923,
						0,
						230.769230769231
					],
					[
						29538.4615384615,
						7,
						0,
						"Hurt Note"
					],
					[
						29538.4615384615,
						5,
						0,
						"Hurt Note"
					],
					[
						31153.8461538462,
						3,
						0
					],
					[
						31153.8461538462,
						1,
						0
					]
				],
				"typeOfSection": 0,
				"lengthInSteps": 16,
				"altAnim": false,
				"mustHitSection": false,
				"changeBPM": false,
				"bpm": 130
			},
			{
				"sectionNotes": [
					[
						31384.6153846154,
						3,
						0
					],
					[
						31615.3846153846,
						3,
						0
					],
					[
						31846.1538461539,
						0,
						0
					],
					[
						31961.5384615385,
						3,
						0
					],
					[
						32076.9230769231,
						0,
						0
					],
					[
						32192.3076923077,
						1,
						0
					],
					[
						32307.6923076923,
						3,
						0
					],
					[
						32423.0769230769,
						1,
						0
					],
					[
						32538.4615384615,
						3,
						0
					],
					[
						32653.8461538462,
						2,
						230.769230769231
					],
					[
						32653.8461538462,
						0,
						230.769230769231
					],
					[
						33000,
						3,
						0
					],
					[
						33000,
						1,
						0
					]
				],
				"typeOfSection": 0,
				"lengthInSteps": 16,
				"altAnim": false,
				"mustHitSection": false,
				"changeBPM": false,
				"bpm": 130
			},
			{
				"sectionNotes": [
					[
						33230.7692307692,
						3,
						0
					],
					[
						33461.5384615385,
						3,
						0
					],
					[
						33692.3076923077,
						0,
						0
					],
					[
						33807.6923076923,
						3,
						0
					],
					[
						33923.0769230769,
						0,
						0
					],
					[
						34038.4615384615,
						1,
						0
					],
					[
						34153.8461538462,
						3,
						0
					],
					[
						34269.2307692308,
						1,
						0
					],
					[
						34384.6153846154,
						3,
						0
					],
					[
						34500,
						2,
						230.769230769231
					],
					[
						34500,
						0,
						230.769230769231
					],
					[
						34846.1538461539,
						3,
						0
					],
					[
						34846.1538461539,
						1,
						0
					]
				],
				"typeOfSection": 0,
				"lengthInSteps": 16,
				"altAnim": false,
				"mustHitSection": false,
				"changeBPM": false,
				"bpm": 130
			},
			{
				"sectionNotes": [
					[
						35076.9230769231,
						3,
						0
					],
					[
						35307.6923076923,
						3,
						0
					],
					[
						35538.4615384615,
						0,
						0
					],
					[
						35653.8461538462,
						3,
						0
					],
					[
						35769.2307692308,
						0,
						0
					],
					[
						35884.6153846154,
						1,
						0
					],
					[
						36000,
						0,
						0
					],
					[
						36000,
						3,
						0
					],
					[
						36115.3846153846,
						1,
						0
					],
					[
						36346.1538461539,
						3,
						230.769230769231
					],
					[
						36346.1538461539,
						1,
						230.769230769231
					],
					[
						36692.3076923077,
						2,
						0
					],
					[
						36692.3076923077,
						0,
						0
					],
					[
						36230.7692307692,
						2,
						0
					]
				],
				"typeOfSection": 0,
				"lengthInSteps": 16,
				"altAnim": false,
				"mustHitSection": false,
				"changeBPM": false,
				"bpm": 130
			},
			{
				"sectionNotes": [
					[
						36923.0769230769,
						3,
						0
					],
					[
						37153.8461538462,
						3,
						0
					],
					[
						37384.6153846154,
						0,
						0
					],
					[
						37500,
						3,
						0
					],
					[
						37615.3846153846,
						0,
						0
					],
					[
						37730.7692307692,
						1,
						0
					],
					[
						37846.1538461539,
						3,
						0
					],
					[
						37961.5384615385,
						1,
						0
					],
					[
						38076.9230769231,
						3,
						0
					],
					[
						38192.3076923077,
						2,
						230.769230769231
					],
					[
						38192.3076923077,
						0,
						230.769230769231
					],
					[
						37384.6153846154,
						1,
						0,
						"Hurt Note"
					],
					[
						36923.0769230769,
						2,
						0,
						"Hurt Note"
					],
					[
						38538.4615384615,
						3,
						0
					],
					[
						38538.4615384615,
						1,
						0
					],
					[
						38192.3076923077,
						1,
						0,
						"Hurt Note"
					]
				],
				"typeOfSection": 0,
				"lengthInSteps": 16,
				"altAnim": false,
				"mustHitSection": true,
				"changeBPM": false,
				"bpm": 130
			},
			{
				"sectionNotes": [
					[
						38769.2307692308,
						3,
						0
					],
					[
						39000,
						3,
						0
					],
					[
						39230.7692307692,
						0,
						0
					],
					[
						39346.1538461539,
						3,
						0
					],
					[
						39461.5384615385,
						0,
						0
					],
					[
						39576.9230769231,
						1,
						0
					],
					[
						39692.3076923077,
						3,
						0
					],
					[
						39807.6923076923,
						1,
						0
					],
					[
						39923.0769230769,
						3,
						0
					],
					[
						40038.4615384615,
						2,
						230.769230769231
					],
					[
						40038.4615384615,
						0,
						230.769230769231
					],
					[
						39230.7692307692,
						2,
						0,
						"Hurt Note"
					],
					[
						39346.1538461539,
						1,
						0,
						"Hurt Note"
					],
					[
						39461.5384615385,
						2,
						0,
						"Hurt Note"
					],
					[
						40384.6153846154,
						3,
						0
					],
					[
						40384.6153846154,
						1,
						0
					]
				],
				"typeOfSection": 0,
				"lengthInSteps": 16,
				"altAnim": false,
				"mustHitSection": true,
				"changeBPM": false,
				"bpm": 130
			},
			{
				"sectionNotes": [
					[
						40615.3846153846,
						3,
						0
					],
					[
						40846.1538461539,
						3,
						0
					],
					[
						41076.9230769231,
						0,
						0
					],
					[
						41192.3076923077,
						3,
						0
					],
					[
						41307.6923076923,
						0,
						0
					],
					[
						41423.0769230769,
						1,
						0
					],
					[
						41538.4615384615,
						3,
						0
					],
					[
						41653.8461538462,
						1,
						0
					],
					[
						41769.2307692308,
						3,
						0
					],
					[
						41884.6153846154,
						2,
						230.769230769231
					],
					[
						41884.6153846154,
						0,
						230.769230769231
					],
					[
						41884.6153846154,
						1,
						0,
						"Hurt Note"
					],
					[
						42230.7692307692,
						1,
						0
					],
					[
						42230.7692307692,
						3,
						0
					]
				],
				"typeOfSection": 0,
				"lengthInSteps": 16,
				"altAnim": false,
				"mustHitSection": true,
				"changeBPM": false,
				"bpm": 130
			},
			{
				"sectionNotes": [
					[
						42461.5384615385,
						3,
						0
					],
					[
						42692.3076923077,
						3,
						0
					],
					[
						42923.0769230769,
						0,
						0
					],
					[
						43038.4615384615,
						3,
						0
					],
					[
						43153.8461538462,
						0,
						0
					],
					[
						43269.2307692308,
						1,
						0
					],
					[
						43384.6153846154,
						0,
						0
					],
					[
						43384.6153846154,
						3,
						0
					],
					[
						43500,
						1,
						0
					],
					[
						43730.7692307692,
						3,
						230.769230769231
					],
					[
						43730.7692307692,
						1,
						230.769230769231
					],
					[
						42461.5384615385,
						2,
						0,
						"Hurt Note"
					],
					[
						44076.9230769231,
						2,
						0
					],
					[
						44076.9230769231,
						0,
						0
					],
					[
						43615.3846153846,
						2,
						0
					]
				],
				"typeOfSection": 0,
				"lengthInSteps": 16,
				"altAnim": false,
				"mustHitSection": true,
				"changeBPM": false,
				"bpm": 130
			},
			{
				"sectionNotes": [
					[
						44307.6923076923,
						3,
						0
					],
					[
						44538.4615384615,
						3,
						0
					],
					[
						44769.2307692308,
						0,
						0
					],
					[
						44884.6153846154,
						3,
						0
					],
					[
						45000,
						0,
						0
					],
					[
						45115.3846153846,
						1,
						0
					],
					[
						45230.7692307692,
						3,
						0
					],
					[
						45346.1538461539,
						1,
						0
					],
					[
						45461.5384615385,
						3,
						0
					],
					[
						45576.9230769231,
						2,
						230.769230769231
					],
					[
						45576.9230769231,
						0,
						230.769230769231
					],
					[
						45923.0769230769,
						3,
						0
					],
					[
						45923.0769230769,
						1,
						0
					]
				],
				"typeOfSection": 0,
				"lengthInSteps": 16,
				"altAnim": false,
				"mustHitSection": false,
				"changeBPM": false,
				"bpm": 130
			},
			{
				"sectionNotes": [
					[
						46153.8461538462,
						3,
						0
					],
					[
						46384.6153846154,
						3,
						0
					],
					[
						46615.3846153846,
						0,
						0
					],
					[
						46730.7692307692,
						3,
						0
					],
					[
						46846.1538461539,
						0,
						0
					],
					[
						46961.5384615385,
						1,
						0
					],
					[
						47076.9230769231,
						3,
						0
					],
					[
						47192.3076923077,
						1,
						0
					],
					[
						47307.6923076923,
						3,
						0
					],
					[
						47423.0769230769,
						2,
						230.769230769231
					],
					[
						47423.0769230769,
						0,
						230.769230769231
					],
					[
						47769.2307692308,
						3,
						0
					],
					[
						47769.2307692308,
						1,
						0
					]
				],
				"typeOfSection": 0,
				"lengthInSteps": 16,
				"altAnim": false,
				"mustHitSection": false,
				"changeBPM": false,
				"bpm": 130
			},
			{
				"sectionNotes": [
					[
						48000,
						3,
						0
					],
					[
						48230.7692307692,
						3,
						0
					],
					[
						48461.5384615385,
						0,
						0
					],
					[
						48576.9230769231,
						3,
						0
					],
					[
						48692.3076923077,
						0,
						0
					],
					[
						48807.6923076923,
						1,
						0
					],
					[
						48923.0769230769,
						3,
						0
					],
					[
						49038.4615384615,
						1,
						0
					],
					[
						49153.8461538462,
						3,
						0
					],
					[
						49269.2307692308,
						2,
						230.769230769231
					],
					[
						49269.2307692308,
						0,
						230.769230769231
					],
					[
						49615.3846153846,
						3,
						0
					],
					[
						49615.3846153846,
						1,
						0
					]
				],
				"typeOfSection": 0,
				"lengthInSteps": 16,
				"altAnim": false,
				"mustHitSection": false,
				"changeBPM": false,
				"bpm": 130
			},
			{
				"sectionNotes": [
					[
						49846.1538461538,
						0,
						0
					],
					[
						49846.1538461538,
						2,
						0
					],
					[
						50192.3076923077,
						1,
						0
					],
					[
						50538.4615384615,
						1,
						0
					],
					[
						50769.2307692308,
						1,
						0
					],
					[
						50769.2307692308,
						3,
						0
					],
					[
						51115.3846153846,
						0,
						0
					],
					[
						51115.3846153846,
						2,
						0
					],
					[
						51461.5384615385,
						0,
						0
					],
					[
						51461.5384615385,
						3,
						0
					]
				],
				"typeOfSection": 0,
				"lengthInSteps": 16,
				"altAnim": false,
				"mustHitSection": false,
				"changeBPM": false,
				"bpm": 130
			},
			{
				"sectionNotes": [
					[
						51692.3076923077,
						3,
						0
					],
					[
						51923.0769230769,
						3,
						0
					],
					[
						52153.8461538462,
						0,
						0
					],
					[
						52269.2307692308,
						3,
						0
					],
					[
						52384.6153846154,
						0,
						0
					],
					[
						52500,
						1,
						0
					],
					[
						52615.3846153846,
						3,
						0
					],
					[
						52730.7692307692,
						1,
						0
					],
					[
						52846.1538461539,
						3,
						0
					],
					[
						52961.5384615385,
						2,
						230.769230769231
					],
					[
						52961.5384615385,
						0,
						230.769230769231
					],
					[
						52153.8461538461,
						2,
						0,
						"Hurt Note"
					],
					[
						52269.2307692308,
						1,
						0,
						"Hurt Note"
					],
					[
						52384.6153846154,
						2,
						0,
						"Hurt Note"
					],
					[
						53307.6923076923,
						1,
						0
					],
					[
						53307.6923076923,
						3,
						0
					]
				],
				"typeOfSection": 0,
				"lengthInSteps": 16,
				"altAnim": false,
				"mustHitSection": true,
				"changeBPM": false,
				"bpm": 130
			},
			{
				"sectionNotes": [
					[
						53538.4615384615,
						3,
						0
					],
					[
						53769.2307692308,
						3,
						0
					],
					[
						54000,
						0,
						0
					],
					[
						54115.3846153846,
						3,
						0
					],
					[
						54230.7692307692,
						0,
						0
					],
					[
						54346.1538461539,
						1,
						0
					],
					[
						54461.5384615385,
						3,
						0
					],
					[
						54576.9230769231,
						1,
						0
					],
					[
						54692.3076923077,
						3,
						0
					],
					[
						54807.6923076923,
						2,
						230.769230769231
					],
					[
						54807.6923076923,
						0,
						230.769230769231
					],
					[
						54461.5384615384,
						2,
						0,
						"Hurt Note"
					],
					[
						55153.8461538461,
						1,
						0
					],
					[
						55153.8461538461,
						3,
						0
					]
				],
				"typeOfSection": 0,
				"lengthInSteps": 16,
				"altAnim": false,
				"mustHitSection": true,
				"changeBPM": false,
				"bpm": 130
			},
			{
				"sectionNotes": [
					[
						55384.6153846154,
						3,
						0
					],
					[
						55615.3846153846,
						3,
						0
					],
					[
						55846.1538461539,
						0,
						0
					],
					[
						55961.5384615385,
						3,
						0
					],
					[
						56076.9230769231,
						0,
						0
					],
					[
						56192.3076923077,
						1,
						0
					],
					[
						56307.6923076923,
						3,
						0
					],
					[
						56423.0769230769,
						1,
						0
					],
					[
						56538.4615384615,
						3,
						0
					],
					[
						56653.8461538462,
						2,
						230.769230769231
					],
					[
						56653.8461538462,
						0,
						230.769230769231
					],
					[
						56076.9230769231,
						3,
						0,
						"Hurt Note"
					],
					[
						56307.6923076923,
						0,
						0,
						"Hurt Note"
					],
					[
						56653.8461538461,
						1,
						0,
						"Hurt Note"
					],
					[
						57000,
						3,
						0
					],
					[
						57000,
						1,
						0
					]
				],
				"typeOfSection": 0,
				"lengthInSteps": 16,
				"altAnim": false,
				"mustHitSection": true,
				"changeBPM": false,
				"bpm": 130
			},
			{
				"sectionNotes": [
					[
						57230.7692307692,
						2,
						0
					],
					[
						57230.7692307692,
						0,
						0
					],
					[
						57576.9230769231,
						1,
						0
					],
					[
						58153.8461538461,
						1,
						0
					],
					[
						58153.8461538461,
						3,
						0
					],
					[
						57923.0769230769,
						1,
						0
					],
					[
						58500,
						2,
						0
					],
					[
						58500,
						0,
						0
					],
					[
						58846.1538461538,
						0,
						0
					],
					[
						58846.1538461538,
						3,
						0
					],
					[
						58153.8461538461,
						0,
						0,
						"Hurt Note"
					],
					[
						58153.8461538461,
						2,
						0,
						"Hurt Note"
					],
					[
						58846.1538461538,
						1,
						0,
						"Hurt Note"
					],
					[
						57576.9230769231,
						3,
						0,
						"Hurt Note"
					]
				],
				"typeOfSection": 0,
				"lengthInSteps": 16,
				"altAnim": false,
				"mustHitSection": true,
				"changeBPM": false,
				"bpm": 130
			},
			{
				"sectionNotes": [
					[
						59076.9230769231,
						0,
						0
					],
					[
						59192.3076923077,
						3,
						0
					],
					[
						59307.6923076923,
						0,
						0
					],
					[
						59423.0769230769,
						3,
						0
					],
					[
						59538.4615384615,
						0,
						0
					],
					[
						59653.8461538461,
						3,
						0
					],
					[
						59769.2307692308,
						2,
						0
					],
					[
						59884.6153846154,
						0,
						0
					],
					[
						60230.7692307692,
						0,
						0
					],
					[
						60576.9230769231,
						0,
						0
					],
					[
						60000,
						1,
						0
					],
					[
						60000,
						3,
						0
					],
					[
						60346.1538461538,
						1,
						0
					],
					[
						60346.1538461538,
						3,
						0
					],
					[
						60692.3076923077,
						1,
						0
					],
					[
						60692.3076923077,
						3,
						0
					]
				],
				"typeOfSection": 0,
				"lengthInSteps": 16,
				"altAnim": false,
				"mustHitSection": false,
				"changeBPM": false,
				"bpm": 130
			},
			{
				"sectionNotes": [
					[
						60923.0769230769,
						3,
						0
					],
					[
						61038.4615384615,
						0,
						0
					],
					[
						61153.8461538461,
						3,
						0
					],
					[
						61269.2307692307,
						0,
						0
					],
					[
						61384.6153846154,
						3,
						0
					],
					[
						61500,
						0,
						0
					],
					[
						61615.3846153846,
						1,
						0
					],
					[
						61730.7692307692,
						3,
						0
					],
					[
						62076.9230769231,
						3,
						0
					],
					[
						62423.0769230769,
						3,
						0
					],
					[
						61846.1538461538,
						2,
						0
					],
					[
						61846.1538461538,
						0,
						0
					],
					[
						62192.3076923077,
						2,
						0
					],
					[
						62192.3076923077,
						0,
						0
					],
					[
						62538.4615384615,
						2,
						0
					],
					[
						62538.4615384615,
						0,
						0
					]
				],
				"typeOfSection": 0,
				"lengthInSteps": 16,
				"altAnim": false,
				"mustHitSection": false,
				"changeBPM": false,
				"bpm": 130
			},
			{
				"sectionNotes": [
					[
						62769.2307692308,
						0,
						0
					],
					[
						62884.6153846154,
						3,
						0
					],
					[
						63000,
						0,
						0
					],
					[
						63115.3846153846,
						3,
						0
					],
					[
						63230.7692307692,
						0,
						0
					],
					[
						63346.1538461538,
						3,
						0
					],
					[
						63461.5384615384,
						2,
						0
					],
					[
						63576.9230769231,
						0,
						0
					],
					[
						63923.0769230769,
						0,
						0
					],
					[
						64269.2307692308,
						0,
						0
					],
					[
						63692.3076923077,
						1,
						0
					],
					[
						63692.3076923077,
						3,
						0
					],
					[
						64038.4615384615,
						1,
						0
					],
					[
						64038.4615384615,
						3,
						0
					],
					[
						64384.6153846154,
						1,
						0
					],
					[
						64384.6153846154,
						3,
						0
					]
				],
				"typeOfSection": 0,
				"lengthInSteps": 16,
				"altAnim": false,
				"mustHitSection": false,
				"changeBPM": false,
				"bpm": 130
			},
			{
				"sectionNotes": [
					[
						64615.3846153846,
						0,
						0
					],
					[
						64730.7692307692,
						1,
						0
					],
					[
						64846.1538461538,
						2,
						0
					],
					[
						64961.5384615384,
						3,
						0
					],
					[
						65076.923076923,
						0,
						0
					],
					[
						65192.3076923077,
						1,
						0
					],
					[
						65307.6923076923,
						2,
						0
					],
					[
						65423.0769230769,
						3,
						0
					],
					[
						66000,
						3,
						0
					],
					[
						66230.7692307692,
						1,
						0
					],
					[
						66346.1538461538,
						0,
						0
					],
					[
						65596.1538461538,
						2,
						0
					],
					[
						65653.8461538461,
						1,
						0
					],
					[
						65711.5384615384,
						0,
						0
					],
					[
						65538.4615384615,
						3,
						0
					],
					[
						65826.923076923,
						2,
						0
					],
					[
						65884.6153846154,
						1,
						0
					],
					[
						65942.3076923077,
						0,
						0
					],
					[
						65769.2307692307,
						3,
						0
					],
					[
						66115.3846153846,
						2,
						0
					]
				],
				"typeOfSection": 0,
				"lengthInSteps": 16,
				"altAnim": false,
				"mustHitSection": false,
				"changeBPM": false,
				"bpm": 130
			},
			{
				"sectionNotes": [
					[
						66461.5384615384,
						0,
						0
					],
					[
						66576.9230769231,
						3,
						0
					],
					[
						66692.3076923077,
						0,
						0
					],
					[
						66807.6923076923,
						3,
						0
					],
					[
						66923.0769230769,
						0,
						0
					],
					[
						67038.4615384615,
						3,
						0
					],
					[
						67153.8461538461,
						2,
						0
					],
					[
						67269.2307692308,
						0,
						0
					],
					[
						67615.3846153846,
						0,
						0
					],
					[
						67961.5384615384,
						0,
						0
					],
					[
						67384.6153846154,
						1,
						0
					],
					[
						67384.6153846154,
						3,
						0
					],
					[
						67730.7692307692,
						1,
						0
					],
					[
						67730.7692307692,
						3,
						0
					],
					[
						68076.923076923,
						1,
						0
					],
					[
						68076.923076923,
						3,
						0
					]
				],
				"typeOfSection": 0,
				"lengthInSteps": 16,
				"altAnim": false,
				"mustHitSection": true,
				"changeBPM": false,
				"bpm": 130
			},
			{
				"sectionNotes": [
					[
						68307.6923076923,
						3,
						0
					],
					[
						68423.0769230769,
						0,
						0
					],
					[
						68538.4615384615,
						3,
						0
					],
					[
						68653.8461538461,
						0,
						0
					],
					[
						68769.2307692308,
						3,
						0
					],
					[
						68884.6153846154,
						0,
						0
					],
					[
						69000,
						1,
						0
					],
					[
						69115.3846153846,
						3,
						0
					],
					[
						69461.5384615384,
						3,
						0
					],
					[
						69807.6923076923,
						3,
						0
					],
					[
						69230.7692307692,
						2,
						0
					],
					[
						69230.7692307692,
						0,
						0
					],
					[
						69576.923076923,
						2,
						0
					],
					[
						69576.923076923,
						0,
						0
					],
					[
						69923.0769230769,
						2,
						0
					],
					[
						69923.0769230769,
						0,
						0
					]
				],
				"typeOfSection": 0,
				"lengthInSteps": 16,
				"altAnim": false,
				"mustHitSection": true,
				"changeBPM": false,
				"bpm": 130
			},
			{
				"sectionNotes": [
					[
						70153.8461538461,
						0,
						0
					],
					[
						70269.2307692308,
						3,
						0
					],
					[
						70384.6153846154,
						0,
						0
					],
					[
						70500,
						3,
						0
					],
					[
						70615.3846153846,
						0,
						0
					],
					[
						70730.7692307692,
						3,
						0
					],
					[
						70846.1538461538,
						2,
						0
					],
					[
						70961.5384615384,
						0,
						0
					],
					[
						71307.6923076923,
						0,
						0
					],
					[
						71653.8461538461,
						0,
						0
					],
					[
						71076.923076923,
						1,
						0
					],
					[
						71076.923076923,
						3,
						0
					],
					[
						71423.0769230769,
						1,
						0
					],
					[
						71423.0769230769,
						3,
						0
					],
					[
						71769.2307692307,
						1,
						0
					],
					[
						71769.2307692307,
						3,
						0
					]
				],
				"typeOfSection": 0,
				"lengthInSteps": 16,
				"altAnim": false,
				"mustHitSection": true,
				"changeBPM": false,
				"bpm": 130
			},
			{
				"sectionNotes": [
					[
						72000,
						0,
						0
					],
					[
						72115.3846153846,
						1,
						0
					],
					[
						72230.7692307692,
						2,
						0
					],
					[
						72346.1538461538,
						3,
						0
					],
					[
						72461.5384615384,
						0,
						0
					],
					[
						72576.923076923,
						1,
						0
					],
					[
						72692.3076923077,
						2,
						0
					],
					[
						72807.6923076923,
						3,
						0
					],
					[
						73384.6153846154,
						3,
						0
					],
					[
						73500,
						2,
						0
					],
					[
						73615.3846153846,
						1,
						0
					],
					[
						73730.7692307692,
						0,
						0
					],
					[
						73211.5384615384,
						2,
						0
					],
					[
						73153.8461538461,
						3,
						0
					],
					[
						72923.0769230769,
						3,
						0
					],
					[
						72980.7692307692,
						2,
						0
					],
					[
						73038.4615384615,
						1,
						0
					],
					[
						73096.1538461538,
						0,
						0
					],
					[
						73269.2307692307,
						1,
						0
					],
					[
						73326.923076923,
						0,
						0
					]
				],
				"typeOfSection": 0,
				"lengthInSteps": 16,
				"altAnim": false,
				"mustHitSection": true,
				"changeBPM": false,
				"bpm": 130
			},
			{
				"sectionNotes": [
					[
						73846.1538461538,
						0,
						0
					],
					[
						73961.5384615385,
						3,
						0
					],
					[
						74076.9230769231,
						0,
						0
					],
					[
						74192.3076923077,
						3,
						0
					],
					[
						74307.6923076923,
						0,
						0
					],
					[
						74423.0769230769,
						3,
						0
					],
					[
						74538.4615384615,
						2,
						0
					],
					[
						74653.8461538462,
						0,
						0
					],
					[
						75000,
						0,
						0
					],
					[
						75346.1538461538,
						0,
						0
					],
					[
						74769.2307692308,
						1,
						0
					],
					[
						74769.2307692308,
						3,
						0
					],
					[
						75115.3846153846,
						1,
						0
					],
					[
						75115.3846153846,
						3,
						0
					],
					[
						75461.5384615384,
						1,
						0
					],
					[
						75461.5384615384,
						3,
						0
					]
				],
				"typeOfSection": 0,
				"lengthInSteps": 16,
				"altAnim": false,
				"mustHitSection": false,
				"changeBPM": false,
				"bpm": 130
			},
			{
				"sectionNotes": [
					[
						75692.3076923077,
						3,
						0
					],
					[
						75807.6923076923,
						0,
						0
					],
					[
						75923.0769230769,
						3,
						0
					],
					[
						76038.4615384615,
						0,
						0
					],
					[
						76153.8461538462,
						3,
						0
					],
					[
						76269.2307692308,
						0,
						0
					],
					[
						76384.6153846154,
						1,
						0
					],
					[
						76500,
						3,
						0
					],
					[
						76846.1538461538,
						3,
						0
					],
					[
						77192.3076923077,
						3,
						0
					],
					[
						76615.3846153846,
						2,
						0
					],
					[
						76615.3846153846,
						0,
						0
					],
					[
						76961.5384615384,
						2,
						0
					],
					[
						76961.5384615384,
						0,
						0
					],
					[
						77307.6923076923,
						2,
						0
					],
					[
						77307.6923076923,
						0,
						0
					]
				],
				"typeOfSection": 0,
				"lengthInSteps": 16,
				"altAnim": false,
				"mustHitSection": false,
				"changeBPM": false,
				"bpm": 130
			},
			{
				"sectionNotes": [
					[
						77538.4615384615,
						0,
						0
					],
					[
						77653.8461538462,
						3,
						0
					],
					[
						77769.2307692308,
						0,
						0
					],
					[
						77884.6153846154,
						3,
						0
					],
					[
						78000,
						0,
						0
					],
					[
						78115.3846153846,
						3,
						0
					],
					[
						78230.7692307692,
						2,
						0
					],
					[
						78346.1538461538,
						0,
						0
					],
					[
						78692.3076923077,
						0,
						0
					],
					[
						79038.4615384615,
						0,
						0
					],
					[
						78461.5384615384,
						1,
						0
					],
					[
						78461.5384615384,
						3,
						0
					],
					[
						78807.6923076923,
						1,
						0
					],
					[
						78807.6923076923,
						3,
						0
					],
					[
						79153.8461538461,
						1,
						0
					],
					[
						79153.8461538461,
						3,
						0
					]
				],
				"typeOfSection": 0,
				"lengthInSteps": 16,
				"altAnim": false,
				"mustHitSection": false,
				"changeBPM": false,
				"bpm": 130
			},
			{
				"sectionNotes": [
					[
						79384.6153846154,
						0,
						0
					],
					[
						79500,
						1,
						0
					],
					[
						79615.3846153846,
						2,
						0
					],
					[
						79730.7692307692,
						3,
						0
					],
					[
						79846.1538461538,
						0,
						0
					],
					[
						79961.5384615384,
						1,
						0
					],
					[
						80076.9230769231,
						2,
						0
					],
					[
						80192.3076923077,
						3,
						0
					],
					[
						80769.2307692308,
						3,
						0
					],
					[
						80884.6153846154,
						2,
						0
					],
					[
						81000,
						1,
						0
					],
					[
						81115.3846153846,
						0,
						0
					],
					[
						80596.1538461538,
						2,
						0
					],
					[
						80538.4615384615,
						3,
						0
					],
					[
						80307.6923076923,
						3,
						0
					],
					[
						80365.3846153846,
						2,
						0
					],
					[
						80423.0769230769,
						1,
						0
					],
					[
						80480.7692307692,
						0,
						0
					],
					[
						80653.8461538461,
						1,
						0
					],
					[
						80711.5384615384,
						0,
						0
					]
				],
				"typeOfSection": 0,
				"lengthInSteps": 16,
				"altAnim": false,
				"mustHitSection": false,
				"changeBPM": false,
				"bpm": 130
			},
			{
				"sectionNotes": [
					[
						81230.7692307692,
						0,
						0
					],
					[
						81346.1538461538,
						3,
						0
					],
					[
						81461.5384615385,
						0,
						0
					],
					[
						81576.9230769231,
						3,
						0
					],
					[
						81692.3076923077,
						0,
						0
					],
					[
						81807.6923076923,
						3,
						0
					],
					[
						81923.0769230769,
						2,
						0
					],
					[
						82038.4615384615,
						0,
						0
					],
					[
						82384.6153846154,
						0,
						0
					],
					[
						82730.7692307692,
						0,
						0
					],
					[
						82153.8461538461,
						1,
						0
					],
					[
						82153.8461538461,
						3,
						0
					],
					[
						82500,
						1,
						0
					],
					[
						82500,
						3,
						0
					],
					[
						82846.1538461538,
						3,
						0
					],
					[
						82846.1538461538,
						1,
						0
					],
					[
						81230.7692307692,
						1,
						0,
						"Hurt Note"
					],
					[
						81461.5384615384,
						2,
						0,
						"Hurt Note"
					],
					[
						81692.3076923077,
						1,
						0,
						"Hurt Note"
					],
					[
						82153.8461538461,
						2,
						0,
						"Hurt Note"
					],
					[
						82846.1538461538,
						2,
						0,
						"Hurt Note"
					]
				],
				"typeOfSection": 0,
				"lengthInSteps": 16,
				"altAnim": false,
				"mustHitSection": true,
				"changeBPM": false,
				"bpm": 130
			},
			{
				"sectionNotes": [
					[
						83076.9230769231,
						3,
						0
					],
					[
						83192.3076923077,
						0,
						0
					],
					[
						83307.6923076923,
						3,
						0
					],
					[
						83423.0769230769,
						0,
						0
					],
					[
						83538.4615384615,
						3,
						0
					],
					[
						83653.8461538461,
						0,
						0
					],
					[
						83769.2307692308,
						1,
						0
					],
					[
						83884.6153846154,
						3,
						0
					],
					[
						84230.7692307692,
						3,
						0
					],
					[
						84576.9230769231,
						3,
						0
					],
					[
						83076.923076923,
						2,
						0,
						"Hurt Note"
					],
					[
						83307.6923076923,
						1,
						0,
						"Hurt Note"
					],
					[
						83538.4615384615,
						2,
						0,
						"Hurt Note"
					],
					[
						84000,
						2,
						0
					],
					[
						84000,
						0,
						0
					],
					[
						84346.1538461538,
						0,
						0
					],
					[
						84346.1538461538,
						2,
						0
					],
					[
						84692.3076923076,
						2,
						0
					],
					[
						84692.3076923076,
						0,
						0
					]
				],
				"typeOfSection": 0,
				"lengthInSteps": 16,
				"altAnim": false,
				"mustHitSection": true,
				"changeBPM": false,
				"bpm": 130
			},
			{
				"sectionNotes": [
					[
						84923.0769230769,
						0,
						0
					],
					[
						85038.4615384615,
						3,
						0
					],
					[
						85153.8461538462,
						0,
						0
					],
					[
						85269.2307692308,
						3,
						0
					],
					[
						85384.6153846154,
						0,
						0
					],
					[
						85500,
						3,
						0
					],
					[
						85615.3846153846,
						2,
						0
					],
					[
						85730.7692307692,
						0,
						0
					],
					[
						86076.9230769231,
						0,
						0
					],
					[
						86423.0769230769,
						0,
						0
					],
					[
						85846.1538461538,
						3,
						0
					],
					[
						85846.1538461538,
						1,
						0
					],
					[
						86192.3076923076,
						3,
						0
					],
					[
						86192.3076923076,
						1,
						0
					],
					[
						86538.4615384615,
						3,
						0
					],
					[
						86538.4615384615,
						1,
						0
					],
					[
						84923.0769230769,
						1,
						0,
						"Hurt Note"
					],
					[
						85153.8461538461,
						2,
						0,
						"Hurt Note"
					],
					[
						85384.6153846153,
						1,
						0,
						"Hurt Note"
					],
					[
						86076.923076923,
						2,
						0,
						"Hurt Note"
					]
				],
				"typeOfSection": 0,
				"lengthInSteps": 16,
				"altAnim": false,
				"mustHitSection": true,
				"changeBPM": false,
				"bpm": 130
			},
			{
				"sectionNotes": [
					[
						86769.2307692308,
						0,
						0
					],
					[
						86884.6153846154,
						1,
						0
					],
					[
						87000,
						2,
						0
					],
					[
						87115.3846153846,
						3,
						0
					],
					[
						87230.7692307692,
						0,
						0
					],
					[
						87346.1538461538,
						1,
						0
					],
					[
						87461.5384615385,
						2,
						0
					],
					[
						87576.9230769231,
						3,
						0
					],
					[
						88153.8461538461,
						3,
						0
					],
					[
						88269.2307692308,
						2,
						0
					],
					[
						88384.6153846154,
						1,
						0
					],
					[
						88500,
						0,
						0
					],
					[
						86769.2307692307,
						3,
						0,
						"Hurt Note"
					],
					[
						87115.3846153846,
						0,
						0,
						"Hurt Note"
					],
					[
						87230.7692307692,
						3,
						0,
						"Hurt Note"
					],
					[
						87576.923076923,
						0,
						0,
						"Hurt Note"
					],
					[
						87750,
						2,
						0
					],
					[
						87692.3076923076,
						3,
						0
					],
					[
						87807.6923076923,
						1,
						0
					],
					[
						87865.3846153846,
						0,
						0
					],
					[
						87923.0769230769,
						3,
						0
					],
					[
						87980.7692307692,
						2,
						0
					],
					[
						88038.4615384615,
						1,
						0
					],
					[
						88096.1538461538,
						0,
						0
					]
				],
				"typeOfSection": 0,
				"lengthInSteps": 16,
				"altAnim": false,
				"mustHitSection": true,
				"changeBPM": false,
				"bpm": 130
			},
			{
				"sectionNotes": [
					[
						88615.3846153846,
						1,
						0
					],
					[
						88846.1538461538,
						0,
						0
					],
					[
						88961.5384615384,
						3,
						0
					],
					[
						89076.923076923,
						0,
						0
					],
					[
						89307.6923076923,
						1,
						0
					],
					[
						89538.4615384615,
						1,
						0
					],
					[
						89769.2307692307,
						1,
						0
					],
					[
						90000,
						2,
						0
					],
					[
						90000,
						0,
						0
					]
				],
				"typeOfSection": 0,
				"lengthInSteps": 16,
				"altAnim": false,
				"mustHitSection": false,
				"changeBPM": false,
				"bpm": 130
			},
			{
				"sectionNotes": [
					[
						90461.5384615384,
						1,
						0
					],
					[
						90692.3076923076,
						0,
						0
					],
					[
						90807.6923076923,
						3,
						0
					],
					[
						90923.0769230769,
						0,
						0
					],
					[
						91153.8461538461,
						1,
						0
					],
					[
						91384.6153846153,
						1,
						0
					],
					[
						91615.3846153846,
						1,
						0
					],
					[
						91846.1538461538,
						3,
						0
					],
					[
						91846.1538461538,
						1,
						0
					],
					[
						92076.923076923,
						2,
						0
					],
					[
						92076.923076923,
						0,
						0
					]
				],
				"typeOfSection": 0,
				"lengthInSteps": 16,
				"altAnim": false,
				"mustHitSection": false,
				"changeBPM": false,
				"bpm": 130
			},
			{
				"sectionNotes": [
					[
						92307.6923076923,
						1,
						0
					],
					[
						92538.4615384615,
						0,
						0
					],
					[
						92653.8461538461,
						3,
						0
					],
					[
						92769.2307692307,
						0,
						0
					],
					[
						92999.9999999999,
						1,
						0
					],
					[
						93230.7692307692,
						1,
						0
					],
					[
						93461.5384615384,
						1,
						0
					],
					[
						93692.3076923076,
						2,
						0
					],
					[
						93692.3076923076,
						0,
						0
					]
				],
				"typeOfSection": 0,
				"lengthInSteps": 16,
				"altAnim": false,
				"mustHitSection": false,
				"changeBPM": false,
				"bpm": 130
			},
			{
				"sectionNotes": [
					[
						94153.8461538461,
						2,
						0
					],
					[
						94153.8461538461,
						0,
						0
					],
					[
						94499.9999999999,
						1,
						0
					],
					[
						94846.1538461538,
						1,
						0
					],
					[
						95076.923076923,
						3,
						0
					],
					[
						95076.923076923,
						1,
						0
					],
					[
						95423.0769230769,
						2,
						0
					],
					[
						95423.0769230769,
						0,
						0
					],
					[
						95769.2307692307,
						3,
						0
					],
					[
						95769.2307692307,
						0,
						0
					]
				],
				"typeOfSection": 0,
				"lengthInSteps": 16,
				"altAnim": false,
				"mustHitSection": false,
				"changeBPM": false,
				"bpm": 130
			},
			{
				"sectionNotes": [
					[
						96000,
						1,
						0
					],
					[
						96230.7692307692,
						0,
						0
					],
					[
						96346.1538461538,
						3,
						0
					],
					[
						96461.5384615384,
						0,
						0
					],
					[
						96692.3076923076,
						1,
						0
					],
					[
						96923.0769230769,
						1,
						0
					],
					[
						97153.8461538461,
						1,
						0
					],
					[
						95999.9999999999,
						2,
						0,
						"Hurt Note"
					],
					[
						96346.1538461538,
						2,
						0,
						"Hurt Note"
					],
					[
						96692.3076923076,
						3,
						0,
						"Hurt Note"
					],
					[
						97153.8461538461,
						3,
						0,
						"Hurt Note"
					],
					[
						96923.0769230769,
						0,
						0,
						"Hurt Note"
					],
					[
						97384.6153846153,
						2,
						0
					],
					[
						97384.6153846153,
						0,
						0
					]
				],
				"typeOfSection": 0,
				"lengthInSteps": 16,
				"altAnim": false,
				"mustHitSection": true,
				"changeBPM": false,
				"bpm": 130
			},
			{
				"sectionNotes": [
					[
						97846.1538461538,
						1,
						0
					],
					[
						98076.923076923,
						0,
						0
					],
					[
						98192.3076923076,
						3,
						0
					],
					[
						98307.6923076923,
						0,
						0
					],
					[
						98538.4615384615,
						1,
						0
					],
					[
						98769.2307692307,
						1,
						0
					],
					[
						99000,
						1,
						0
					],
					[
						98076.923076923,
						2,
						0,
						"Hurt Note"
					],
					[
						98192.3076923076,
						1,
						0,
						"Hurt Note"
					],
					[
						98307.6923076923,
						2,
						0,
						"Hurt Note"
					],
					[
						99230.7692307692,
						0,
						0,
						"Hurt Note"
					],
					[
						99461.5384615384,
						3,
						0,
						"Hurt Note"
					],
					[
						99230.7692307692,
						1,
						0
					],
					[
						99230.7692307692,
						3,
						0
					],
					[
						99461.5384615384,
						2,
						0
					],
					[
						99461.5384615384,
						0,
						0
					]
				],
				"typeOfSection": 0,
				"lengthInSteps": 16,
				"altAnim": false,
				"mustHitSection": true,
				"changeBPM": false,
				"bpm": 130
			},
			{
				"sectionNotes": [
					[
						99692.3076923076,
						1,
						0
					],
					[
						99923.0769230769,
						0,
						0
					],
					[
						100038.461538461,
						3,
						0
					],
					[
						100153.846153846,
						0,
						0
					],
					[
						100384.615384615,
						1,
						0
					],
					[
						100615.384615385,
						1,
						0
					],
					[
						100846.153846154,
						1,
						0
					],
					[
						100038.461538461,
						2,
						0,
						"Hurt Note"
					],
					[
						101076.923076923,
						2,
						0
					],
					[
						101076.923076923,
						0,
						0
					],
					[
						101307.692307692,
						1,
						0,
						"Hurt Note"
					],
					[
						101307.692307692,
						3,
						0,
						"Hurt Note"
					],
					[
						100500,
						2,
						0,
						"Hurt Note"
					]
				],
				"typeOfSection": 0,
				"lengthInSteps": 16,
				"altAnim": false,
				"mustHitSection": true,
				"changeBPM": false,
				"bpm": 130
			},
			{
				"sectionNotes": [
					[
						101884.615384615,
						2,
						0,
						"Hurt Note"
					],
					[
						102230.769230769,
						0,
						0,
						"Hurt Note"
					],
					[
						102807.692307692,
						3,
						0,
						"Hurt Note"
					],
					[
						102807.692307692,
						1,
						0,
						"Hurt Note"
					],
					[
						101538.461538461,
						0,
						0
					],
					[
						101538.461538461,
						2,
						0
					],
					[
						101884.615384615,
						1,
						0
					],
					[
						102230.769230769,
						1,
						0
					],
					[
						102461.538461538,
						1,
						0
					],
					[
						102461.538461538,
						3,
						0
					],
					[
						102807.692307692,
						2,
						0
					],
					[
						102807.692307692,
						0,
						0
					],
					[
						103153.846153846,
						0,
						0
					],
					[
						103153.846153846,
						3,
						0
					]
				],
				"typeOfSection": 0,
				"lengthInSteps": 16,
				"altAnim": false,
				"mustHitSection": true,
				"changeBPM": false,
				"bpm": 130
			},
			{
				"sectionNotes": [
					[
						103384.615384615,
						1,
						0
					],
					[
						103615.384615385,
						0,
						0
					],
					[
						103730.769230769,
						3,
						0
					],
					[
						104307.692307692,
						1,
						0
					],
					[
						104538.461538462,
						1,
						0
					],
					[
						103846.153846154,
						1,
						0
					],
					[
						104076.923076923,
						0,
						0
					],
					[
						104192.307692308,
						3,
						0
					],
					[
						104769.230769231,
						0,
						0
					],
					[
						104769.230769231,
						2,
						0
					],
					[
						105000,
						0,
						0
					],
					[
						105000,
						3,
						0
					]
				],
				"typeOfSection": 0,
				"lengthInSteps": 16,
				"altAnim": false,
				"mustHitSection": false,
				"changeBPM": false,
				"bpm": 130
			},
			{
				"sectionNotes": [
					[
						105230.769230769,
						1,
						0
					],
					[
						105461.538461538,
						0,
						0
					],
					[
						105576.923076923,
						3,
						0
					],
					[
						106153.846153846,
						1,
						0
					],
					[
						106384.615384615,
						1,
						0
					],
					[
						105692.307692308,
						1,
						0
					],
					[
						105923.076923077,
						0,
						0
					],
					[
						106038.461538461,
						3,
						0
					],
					[
						106615.384615385,
						1,
						0
					],
					[
						106615.384615385,
						3,
						0
					],
					[
						106846.153846154,
						2,
						0
					],
					[
						106846.153846154,
						0,
						0
					]
				],
				"typeOfSection": 0,
				"lengthInSteps": 16,
				"altAnim": false,
				"mustHitSection": false,
				"changeBPM": false,
				"bpm": 130
			},
			{
				"sectionNotes": [
					[
						107076.923076923,
						1,
						0
					],
					[
						107307.692307692,
						0,
						0
					],
					[
						107423.076923077,
						3,
						0
					],
					[
						107538.461538462,
						0,
						0
					],
					[
						107769.230769231,
						1,
						0
					],
					[
						108000,
						1,
						0
					],
					[
						108230.769230769,
						1,
						0
					],
					[
						108461.538461538,
						2,
						0
					],
					[
						108576.923076923,
						3,
						0
					],
					[
						108461.538461538,
						0,
						0
					],
					[
						108692.307692308,
						0,
						0
					],
					[
						108692.307692308,
						2,
						0
					]
				],
				"typeOfSection": 0,
				"lengthInSteps": 16,
				"altAnim": false,
				"mustHitSection": false,
				"changeBPM": false,
				"bpm": 130
			},
			{
				"sectionNotes": [
					[
						108923.076923077,
						2,
						0
					],
					[
						108923.076923077,
						0,
						0
					],
					[
						109269.230769231,
						1,
						0
					],
					[
						109615.384615385,
						1,
						0
					],
					[
						109846.153846154,
						1,
						0
					],
					[
						109846.153846154,
						3,
						0
					],
					[
						110192.307692308,
						2,
						0
					],
					[
						110192.307692308,
						0,
						0
					],
					[
						110538.461538461,
						3,
						0
					],
					[
						110538.461538461,
						0,
						0
					]
				],
				"typeOfSection": 0,
				"lengthInSteps": 16,
				"altAnim": false,
				"mustHitSection": false,
				"changeBPM": false,
				"bpm": 130
			},
			{
				"sectionNotes": [
					[
						110769.230769231,
						1,
						0
					],
					[
						111000,
						0,
						0
					],
					[
						111115.384615385,
						3,
						0
					],
					[
						111692.307692308,
						1,
						0
					],
					[
						111923.076923077,
						1,
						0
					],
					[
						111230.769230769,
						1,
						0
					],
					[
						111461.538461538,
						0,
						0
					],
					[
						111576.923076923,
						3,
						0
					],
					[
						112153.846153846,
						0,
						0
					],
					[
						112384.615384615,
						0,
						0
					],
					[
						112384.615384615,
						3,
						0
					],
					[
						111000,
						1,
						0,
						"Hurt Note"
					],
					[
						111115.384615385,
						2,
						0,
						"Hurt Note"
					],
					[
						111692.307692308,
						2,
						0,
						"Hurt Note"
					],
					[
						111923.076923077,
						3,
						0,
						"Hurt Note"
					],
					[
						112153.846153846,
						3,
						0,
						"Hurt Note"
					],
					[
						112384.615384615,
						2,
						0,
						"Hurt Note"
					],
					[
						112153.846153846,
						2,
						0
					]
				],
				"typeOfSection": 0,
				"lengthInSteps": 16,
				"altAnim": false,
				"mustHitSection": true,
				"changeBPM": false,
				"bpm": 130
			},
			{
				"sectionNotes": [
					[
						112615.384615385,
						1,
						0
					],
					[
						112846.153846154,
						0,
						0
					],
					[
						112961.538461538,
						3,
						0
					],
					[
						113538.461538462,
						1,
						0
					],
					[
						113769.230769231,
						1,
						0
					],
					[
						113076.923076923,
						1,
						0
					],
					[
						113307.692307692,
						0,
						0
					],
					[
						113423.076923077,
						3,
						0
					],
					[
						114000,
						3,
						0
					],
					[
						114230.769230769,
						2,
						0
					],
					[
						114230.769230769,
						0,
						0
					],
					[
						112961.538461538,
						2,
						0,
						"Hurt Note"
					],
					[
						113076.923076923,
						0,
						0,
						"Hurt Note"
					],
					[
						113307.692307692,
						2,
						0,
						"Hurt Note"
					],
					[
						114000,
						2,
						0,
						"Hurt Note"
					],
					[
						114000,
						1,
						0
					]
				],
				"typeOfSection": 0,
				"lengthInSteps": 16,
				"altAnim": false,
				"mustHitSection": true,
				"changeBPM": false,
				"bpm": 130
			},
			{
				"sectionNotes": [
					[
						114461.538461538,
						1,
						0
					],
					[
						114692.307692308,
						0,
						0
					],
					[
						114807.692307692,
						3,
						0
					],
					[
						114923.076923077,
						0,
						0
					],
					[
						115153.846153846,
						1,
						0
					],
					[
						115384.615384615,
						1,
						0
					],
					[
						115615.384615385,
						1,
						0
					],
					[
						115846.153846154,
						2,
						0
					],
					[
						115961.538461538,
						3,
						0
					],
					[
						115846.153846154,
						0,
						0
					],
					[
						116076.923076923,
						0,
						0
					],
					[
						116076.923076923,
						2,
						0
					],
					[
						114807.692307692,
						2,
						0,
						"Hurt Note"
					],
					[
						115153.846153846,
						2,
						0,
						"Hurt Note"
					],
					[
						115615.384615385,
						2,
						0,
						"Hurt Note"
					],
					[
						115961.538461538,
						1,
						0,
						"Hurt Note"
					]
				],
				"typeOfSection": 0,
				"lengthInSteps": 16,
				"altAnim": false,
				"mustHitSection": true,
				"changeBPM": false,
				"bpm": 130
			},
			{
				"sectionNotes": [
					[
						116307.692307692,
						0,
						0
					],
					[
						116307.692307692,
						2,
						0
					],
					[
						116653.846153846,
						1,
						0
					],
					[
						117000,
						1,
						0
					],
					[
						117230.769230769,
						1,
						0
					],
					[
						117230.769230769,
						3,
						0
					],
					[
						117576.923076923,
						2,
						0
					],
					[
						117576.923076923,
						0,
						0
					],
					[
						117923.076923077,
						0,
						0
					],
					[
						117923.076923077,
						3,
						0
					],
					[
						116653.846153846,
						0,
						0,
						"Hurt Note"
					],
					[
						117000,
						2,
						0,
						"Hurt Note"
					],
					[
						117923.076923077,
						2,
						0,
						"Hurt Note"
					],
					[
						117000,
						0,
						0,
						"Hurt Note"
					],
					[
						116653.846153846,
						2,
						0,
						"Hurt Note"
					],
					[
						117576.923076923,
						3,
						0,
						"Hurt Note"
					]
				],
				"typeOfSection": 0,
				"lengthInSteps": 16,
				"altAnim": false,
				"mustHitSection": true,
				"changeBPM": false,
				"bpm": 130
			},
			{
				"sectionNotes": [
					[
						118153.846153846,
						0,
						346.153846153846
					],
					[
						118615.384615385,
						1,
						0
					],
					[
						118846.153846154,
						0,
						346.153846153846
					],
					[
						119307.692307692,
						1,
						0
					],
					[
						119538.461538461,
						2,
						0
					],
					[
						119769.230769231,
						3,
						0
					]
				],
				"typeOfSection": 0,
				"lengthInSteps": 16,
				"altAnim": false,
				"mustHitSection": false,
				"changeBPM": false,
				"bpm": 130
			},
			{
				"sectionNotes": [
					[
						120230.769230769,
						2,
						0
					],
					[
						120692.307692308,
						0,
						0
					],
					[
						121153.846153846,
						2,
						0
					],
					[
						121384.615384615,
						1,
						346.153846153846
					]
				],
				"typeOfSection": 0,
				"lengthInSteps": 16,
				"altAnim": false,
				"mustHitSection": false,
				"changeBPM": false,
				"bpm": 130
			},
			{
				"sectionNotes": [
					[
						121846.153846154,
						3,
						346.153846153846
					],
					[
						122307.692307692,
						1,
						0
					],
					[
						122538.461538461,
						1,
						0
					],
					[
						122769.230769231,
						3,
						346.153846153846
					],
					[
						123230.769230769,
						2,
						346.153846153846
					]
				],
				"typeOfSection": 0,
				"lengthInSteps": 16,
				"altAnim": false,
				"mustHitSection": false,
				"changeBPM": false,
				"bpm": 130
			},
			{
				"sectionNotes": [
					[
						123692.307692308,
						3,
						346.153846153846
					],
					[
						124153.846153846,
						2,
						346.153846153846
					],
					[
						124615.384615385,
						1,
						346.153846153846
					],
					[
						125076.923076923,
						0,
						346.153846153846
					]
				],
				"typeOfSection": 0,
				"lengthInSteps": 16,
				"altAnim": false,
				"mustHitSection": false,
				"changeBPM": false,
				"bpm": 130
			},
			{
				"sectionNotes": [
					[
						125538.461538461,
						0,
						346.153846153846
					],
					[
						126000,
						1,
						0
					],
					[
						126230.769230769,
						0,
						346.153846153846
					],
					[
						126692.307692308,
						1,
						0
					],
					[
						126923.076923077,
						2,
						0
					],
					[
						127153.846153846,
						3,
						0
					],
					[
						125538.461538461,
						5,
						346.153846153846
					]
				],
				"typeOfSection": 0,
				"lengthInSteps": 16,
				"altAnim": false,
				"mustHitSection": true,
				"changeBPM": false,
				"bpm": 130
			},
			{
				"sectionNotes": [
					[
						127615.384615385,
						2,
						0
					],
					[
						128076.923076923,
						0,
						0
					],
					[
						128538.461538461,
						2,
						0
					],
					[
						128769.230769231,
						1,
						346.153846153846
					]
				],
				"typeOfSection": 0,
				"lengthInSteps": 16,
				"altAnim": false,
				"mustHitSection": true,
				"changeBPM": false,
				"bpm": 130
			},
			{
				"sectionNotes": [
					[
						129230.769230769,
						3,
						346.153846153846
					],
					[
						129692.307692308,
						1,
						0
					],
					[
						129923.076923077,
						1,
						0
					],
					[
						130153.846153846,
						3,
						346.153846153846
					],
					[
						130615.384615385,
						2,
						346.153846153846
					]
				],
				"typeOfSection": 0,
				"lengthInSteps": 16,
				"altAnim": false,
				"mustHitSection": true,
				"changeBPM": false,
				"bpm": 130
			},
			{
				"sectionNotes": [
					[
						131076.923076923,
						3,
						346.153846153846
					],
					[
						131538.461538461,
						2,
						346.153846153846
					],
					[
						132000,
						1,
						346.153846153846
					],
					[
						132461.538461538,
						0,
						346.153846153846
					]
				],
				"typeOfSection": 0,
				"lengthInSteps": 16,
				"altAnim": false,
				"mustHitSection": true,
				"changeBPM": false,
				"bpm": 130
			},
			{
				"sectionNotes": [
					[
						132923.076923077,
						1,
						346.153846153846
					]
				],
				"typeOfSection": 0,
				"lengthInSteps": 16,
				"altAnim": false,
				"mustHitSection": true,
				"changeBPM": false,
				"bpm": 130
			},
			{
				"sectionNotes": [],
				"typeOfSection": 0,
				"lengthInSteps": 16,
				"altAnim": false,
				"mustHitSection": true,
				"changeBPM": false,
				"bpm": 130
			},
			{
				"sectionNotes": [],
				"typeOfSection": 0,
				"lengthInSteps": 16,
				"altAnim": false,
				"mustHitSection": true,
				"changeBPM": false,
				"bpm": 130
			},
			{
				"sectionNotes": [],
				"typeOfSection": 0,
				"lengthInSteps": 16,
				"altAnim": false,
				"mustHitSection": true,
				"changeBPM": false,
				"bpm": 130
			},
			{
				"sectionNotes": [],
				"typeOfSection": 0,
				"lengthInSteps": 16,
				"altAnim": false,
				"mustHitSection": true,
				"changeBPM": false,
				"bpm": 130
			},
			{
				"sectionNotes": [],
				"typeOfSection": 0,
				"lengthInSteps": 16,
				"altAnim": false,
				"mustHitSection": true,
				"changeBPM": false,
				"bpm": 130
			},
			{
				"sectionNotes": [],
				"typeOfSection": 0,
				"lengthInSteps": 16,
				"altAnim": false,
				"mustHitSection": true,
				"changeBPM": false,
				"bpm": 130
			},
			{
				"sectionNotes": [],
				"typeOfSection": 0,
				"lengthInSteps": 16,
				"altAnim": false,
				"mustHitSection": true,
				"changeBPM": false,
				"bpm": 130
			},
			{
				"sectionNotes": [],
				"typeOfSection": 0,
				"lengthInSteps": 16,
				"altAnim": false,
				"mustHitSection": true,
				"changeBPM": false,
				"bpm": 130
			},
			{
				"sectionNotes": [],
				"typeOfSection": 0,
				"lengthInSteps": 16,
				"altAnim": false,
				"mustHitSection": true,
				"changeBPM": false,
				"bpm": 130
			},
			{
				"sectionNotes": [],
				"typeOfSection": 0,
				"lengthInSteps": 16,
				"altAnim": false,
				"mustHitSection": true,
				"changeBPM": false,
				"bpm": 130
			},
			{
				"sectionNotes": [],
				"typeOfSection": 0,
				"lengthInSteps": 16,
				"altAnim": false,
				"mustHitSection": true,
				"changeBPM": false,
				"bpm": 130
			},
			{
				"lengthInSteps": 16,
				"typeOfSection": 0,
				"sectionNotes": [],
				"altAnim": false,
				"gfSection": false,
				"bpm": 130,
				"changeBPM": false,
				"mustHitSection": true
			},
			{
				"sectionNotes": [],
				"typeOfSection": 0,
				"lengthInSteps": 16,
				"gfSection": false,
				"altAnim": false,
				"mustHitSection": true,
				"changeBPM": false,
				"bpm": 130
			},
			{
				"sectionNotes": [],
				"typeOfSection": 0,
				"lengthInSteps": 16,
				"gfSection": false,
				"altAnim": false,
				"mustHitSection": true,
				"changeBPM": false,
				"bpm": 130
			},
			{
				"sectionNotes": [],
				"typeOfSection": 0,
				"lengthInSteps": 16,
				"gfSection": false,
				"altAnim": false,
				"mustHitSection": true,
				"changeBPM": false,
				"bpm": 130
			},
			{
				"lengthInSteps": 16,
				"typeOfSection": 0,
				"sectionNotes": [],
				"altAnim": false,
				"gfSection": false,
				"bpm": 130,
				"changeBPM": false,
				"mustHitSection": true
			},
			{
				"lengthInSteps": 16,
				"typeOfSection": 0,
				"sectionNotes": [],
				"altAnim": false,
				"gfSection": false,
				"bpm": 130,
				"changeBPM": false,
				"mustHitSection": true
			},
			{
				"lengthInSteps": 16,
				"typeOfSection": 0,
				"sectionNotes": [],
				"altAnim": false,
				"gfSection": false,
				"bpm": 130,
				"changeBPM": false,
				"mustHitSection": true
			},
			{
				"sectionNotes": [],
				"typeOfSection": 0,
				"lengthInSteps": 16,
				"gfSection": false,
				"altAnim": false,
				"mustHitSection": true,
				"changeBPM": false,
				"bpm": 130
			},
			{
				"sectionNotes": [],
				"typeOfSection": 0,
				"lengthInSteps": 16,
				"gfSection": false,
				"altAnim": false,
				"mustHitSection": true,
				"changeBPM": false,
				"bpm": 130
			},
			{
				"gfSection": false,
				"lengthInSteps": 16,
				"altAnim": false,
				"typeOfSection": 0,
				"sectionNotes": [],
				"bpm": 130,
				"changeBPM": false,
				"mustHitSection": true
			},
			{
				"gfSection": false,
				"lengthInSteps": 16,
				"altAnim": false,
				"typeOfSection": 0,
				"sectionNotes": [],
				"bpm": 130,
				"changeBPM": false,
				"mustHitSection": true
			}
		],
		"player3": "gf",
		"splashSkin": "noteSplashesNutshell",
		"song": "Rematch",
		"arrowSkin": "noteAssetsNutshell",
		"validScore": true,
		"speed": 2,
		"events": [],
		"gfVersion": "mattBgNutshell",
		"chartVersion": "KE1",
		"eventObjects": [
			{
				"type": "BPM Change",
				"name": "Init BPM",
				"position": 0,
				"value": 150
			}
		],
		"stage": "arcadeBlitzNutshell",
		"needsVoices": true,
		"bpm": 130,
		"noteStyle": "normal"
	}
}